"","year","quarter","statecode1","mean.miles","median.miles","sd.miles","min.miles","max.miles","iqr.miles","q1.miles","q3.miles"
"1",2019,1,"AL",912.961538461538,682,466.335285456225,459,1815,294,608,902
"2",2019,1,"AR",1237.71428571429,1187,225.680655444276,912,1494,307,1187,1494
"3",2019,1,"AZ",1189.37931034483,1020,579.164879915969,304,1999,1146,668,1814
"4",2019,1,"CA",1590.05533596838,1756,801.988875020058,262,2510,1601,742,2343
"5",2019,1,"CO",1310.51219512195,1506,446.264726476966,551,1810,847,862,1709
"6",2019,1,"CT",1813.33333333333,2527,947.916637885923,326,2625,1374.5,1152.5,2527
"7",2019,1,"DC",883,883,0,883,883,0,883,883
"8",2019,1,"FL",1338.10638297872,1139,687.130022028766,192,2724,1126,846,1972
"9",2019,1,"GA",973.421052631579,731,583.430471624926,406,2139,375,577,952
"10",2019,1,"IA",1172.35,1127,186.825072982019,910,1447,229.75,1071,1300.75
"11",2019,1,"ID",650.7,688,91.4112198316547,523,749,123.75,564.25,688
"12",2019,1,"IL",955.503816793893,801,506.916384761004,177,1855,705,621,1326
"13",2019,1,"IN",1175.5,930,570.398336169349,516,1943,1113,701,1814
"14",2019,1,"KY",689,699,133.663133785398,495,910,30,699,729
"15",2019,1,"LA",1273.07142857143,1218,400.299015984054,488,1911,226.5,1053,1279.5
"16",2019,1,"MA",1275.22527472527,1124,823.370682294816,209,2704,1201,563,1764
"17",2019,1,"ME",689,493,392,493,1277,196,493,689
"18",2019,1,"MI",1163.57777777778,1044,600.43822969292,409,2079,1334,540,1874
"19",2019,1,"MN",1178.5,1057,247.492890340775,936,1589,241.5,1057,1298.5
"20",2019,1,"MO",1143.33333333333,1148,227.309852911767,738,1499,357.5,1005.5,1363
"21",2019,1,"MT",1264,908,505.949404585083,878,1902,994,908,1902
"22",2019,1,"NC",977.5,599,738.819846753894,255,2400,653.25,492,1145.25
"23",2019,1,"ND",1161.33333333333,1165,58.6537864648708,1094,1225,98.25,1111.75,1210
"24",2019,1,"NE",1182.8,1113.5,184.126043785229,1025,1433,344.25,1028,1372.25
"25",2019,1,"NJ",977,977,NA,977,977,0,977,977
"26",2019,1,"NM",1145.70833333333,896,543.299299303053,328,1861,1040.75,677,1717.75
"27",2019,1,"NV",1368.6,2106,978.389126451547,192,2286,2036,246,2282
"28",2019,1,"NY",1271.94170403587,1077,889.750578072792,222,2619,1881,337,2218
"29",2019,1,"OH",1091.88235294118,932,641.346604838699,314,2187,1348,498,1846
"30",2019,1,"OK",1093.25,1180,173.5,833,1180,86.75,1093.25,1180
"31",2019,1,"OR",941.47619047619,751,609.095199377537,471,2358,207,569,776
"32",2019,1,"PA",1515.84615384615,2075,968.792190148283,210,2521,1376,878,2254
"33",2019,1,"SC",822.3,643,549.485129637106,426,2206,271,489,760
"34",2019,1,"TN",854.071428571429,787,371.829320460352,465,1969,311.25,655,966.25
"35",2019,1,"TX",1058.26896551724,1131,446.082653367741,148,1944,703.25,719.5,1422.75
"36",2019,1,"UT",1325.71428571429,1865,679.827604197249,599,1888,1266,599,1865
"37",2019,1,"VA",1069.33333333333,726,715.277393743155,662,2330,5,726,731
"38",2019,1,"VT",331.625,266,90.571104663684,266,441,175,266,441
"39",2019,1,"WA",2381.25,2335,92.5,2335,2520,46.25,2335,2381.25
"40",2019,1,"WI",993.538461538462,850,389.782937622388,641,1845,300,777,1077
"41",2019,1,"WY",1894,1894,0,1894,1894,0,1894,1894
"42",2019,2,"AL",933.958333333333,682,479.998412965372,459,1815,305,597,902
"43",2019,2,"AR",1233.58333333333,1159,191.368507850956,912,1494,246,1125,1371
"44",2019,2,"AZ",1176.62962962963,1020,587.191827399907,304,1999,1184.5,668,1852.5
"45",2019,2,"CA",1578.19921875,1687,785.472643624041,262,2510,1581.5,751,2332.5
"46",2019,2,"CO",1280.58620689655,1491,383.991026424296,592,1709,776,883,1659
"47",2019,2,"CT",1778.70588235294,2213,892.066544932739,326,2625,1333,1194,2527
"48",2019,2,"DC",883,883,0,883,883,0,883,883
"49",2019,2,"FL",1322.52380952381,1120,691.66279315037,192,2724,1216,843,2059
"50",2019,2,"GA",973.421052631579,731,583.430471624926,406,2139,375,577,952
"51",2019,2,"IA",1168.0625,1071,207.536814003363,910,1447,376,1071,1447
"52",2019,2,"ID",650.7,688,91.4112198316547,523,749,123.75,564.25,688
"53",2019,2,"IL",907.47619047619,773,493.915809105174,177,1855,616,581,1197
"54",2019,2,"IN",1175.5,930,570.398336169349,516,1943,1113,701,1814
"55",2019,2,"KY",747.357142857143,699,253.316648043164,495,1506,30,699,729
"56",2019,2,"LA",1273.07142857143,1218,400.299015984054,488,1911,226.5,1053,1279.5
"57",2019,2,"MA",1291.88586956522,1124,813.202233241502,209,2704,1133.75,630.25,1764
"58",2019,2,"ME",493,493,0,493,493,0,493,493
"59",2019,2,"MI",1167.14634146341,1044,629.026969253927,409,2079,1334,540,1874
"60",2019,2,"MN",1178.5,1057,247.492890340775,936,1589,241.5,1057,1298.5
"61",2019,2,"MO",1143.33333333333,1148,227.309852911767,738,1499,357.5,1005.5,1363
"62",2019,2,"MT",908,908,0,908,908,0,908,908
"63",2019,2,"NC",948.038461538462,633,716.459266703031,255,2400,444,492,936
"64",2019,2,"ND",1225,1225,0,1225,1225,0,1225,1225
"65",2019,2,"NE",1182.8,1113.5,184.126043785229,1025,1433,344.25,1028,1372.25
"66",2019,2,"NJ",977,977,NA,977,977,0,977,977
"67",2019,2,"NM",1237.74074074074,1121,575.744240265962,328,1974,1184,677,1861
"68",2019,2,"NV",1368.6,2106,978.389126451547,192,2286,2036,246,2282
"69",2019,2,"NY",1296.74897119342,1084,887.903803346326,222,2619,1926.5,337,2263.5
"70",2019,2,"OH",1086.99324324324,931,648.208021710483,314,2187,1345.75,513.75,1859.5
"71",2019,2,"OK",1217.85714285714,1180,198.000360750032,833,1384,204,1180,1384
"72",2019,2,"OR",938.368421052632,751,641.959345418065,471,2358,207,569,776
"73",2019,2,"PA",1515.84615384615,2075,968.792190148283,210,2521,1376,878,2254
"74",2019,2,"SC",897.183673469388,647,631.047861149394,426,2396,159,601,760
"75",2019,2,"TN",925.130434782609,795,430.207371634536,465,1969,339.75,662.25,1002
"76",2019,2,"TX",1047.23648648649,1105,444.716590177922,148,1944,699,708,1407
"77",2019,2,"UT",1325.71428571429,1865,679.827604197249,599,1888,1266,599,1865
"78",2019,2,"VA",1560.35714285714,1530.5,884.437118445125,662,2449,1711,726,2437
"79",2019,2,"VT",324.333333333333,266,87.5,266,441,175,266,441
"80",2019,2,"WA",1431,1008,763.931410533694,728,2520,1467,868,2335
"81",2019,2,"WI",1062.57142857143,850,443.924620609253,641,1845,683,777,1460
"82",2019,3,"AL",954.608695652174,682,479.761848035084,570,1815,283,619,902
"83",2019,3,"AR",1272.78947368421,1371,201.047694437406,912,1494,245.5,1187,1432.5
"84",2019,3,"AZ",1201.16,1081,604.206206522244,304,1999,1223,668,1891
"85",2019,3,"CA",1601.22641509434,1735,790.620049188223,370,2510,1484,859,2343
"86",2019,3,"CO",1280.58620689655,1491,383.991026424296,592,1709,776,883,1659
"87",2019,3,"CT",1778.70588235294,2213,892.066544932739,326,2625,1333,1194,2527
"88",2019,3,"DC",883,883,0,883,883,0,883,883
"89",2019,3,"FL",1289.52830188679,1068,694.34117053228,192,2724,1112,829.25,1941.25
"90",2019,3,"GA",973.421052631579,731,583.430471624926,406,2139,375,577,952
"91",2019,3,"IA",1168.0625,1071,207.536814003363,910,1447,376,1071,1447
"92",2019,3,"ID",785.454545454545,688,336.840129330329,523,1448,106,605.5,711.5
"93",2019,3,"IL",910.222972972973,773,491.143907322431,177,1855,614,583,1197
"94",2019,3,"IN",1175.5,930,570.398336169349,516,1943,1113,701,1814
"95",2019,3,"KY",689,699,133.663133785398,495,910,30,699,729
"96",2019,3,"LA",1273.07142857143,1218,400.299015984054,488,1911,226.5,1053,1279.5
"97",2019,3,"MA",1246.0358974359,1047,806.947572833991,192,2704,1160,594,1754
"98",2019,3,"ME",430.5,393,51.7549169506766,393,493,100,393,493
"99",2019,3,"MI",1167.14634146341,1044,629.026969253927,409,2079,1334,540,1874
"100",2019,3,"MN",1178.5,1057,247.492890340775,936,1589,241.5,1057,1298.5
"101",2019,3,"MO",1147.15384615385,1148,230.925735648098,738,1499,376.75,986.25,1363
"102",2019,3,"MT",1159.05882352941,1027,431.714093843981,807,1902,119,908,1027
"103",2019,3,"NC",949,633,725.647793354324,255,2400,444,492,936
"104",2019,3,"NE",1181,1037,208.734965241298,1025,1433,408,1025,1433
"105",2019,3,"NJ",977,977,NA,977,977,0,977,977
"106",2019,3,"NM",1237.74074074074,1121,575.744240265962,328,1974,1184,677,1861
"107",2019,3,"NV",1368.6,2106,978.389126451547,192,2286,2036,246,2282
"108",2019,3,"NY",1289.67659574468,1084,895.008034680252,222,2619,1881,337,2218
"109",2019,3,"OH",1101.59589041096,931,653.384541986672,314,2187,1381,519,1900
"110",2019,3,"OK",1217.85714285714,1180,198.000360750032,833,1384,204,1180,1384
"111",2019,3,"OR",875.454545454545,751,616.036310561915,471,2358,276,500,776
"112",2019,3,"PA",1515.84615384615,2075,968.792190148283,210,2521,1376,878,2254
"113",2019,3,"SC",774.918367346939,643,508.005611711733,399,2206,188,489,677
"114",2019,3,"TN",909.727272727273,787,433.708259228046,465,1969,347,655,1002
"115",2019,3,"TX",1059.20209059233,1121,442.647218917271,148,1944,702.5,715,1417.5
"116",2019,3,"UT",1325.71428571429,1865,679.827604197249,599,1888,1266,599,1865
"117",2019,3,"VA",2046.29411764706,2449,774.262452652998,662,2520,190,2330,2520
"118",2019,3,"VT",404.090909090909,266,193.941462583664,266,763,175,266,441
"119",2019,3,"WA",1293.64285714286,1008,723.47543758666,728,2520,1213.25,790,2003.25
"120",2019,3,"WI",1047.85185185185,850,445.363525129382,641,1845,491.5,777,1268.5
"121",2019,3,"WY",1894,1894,0,1894,1894,0,1894,1894
"122",2019,4,"AL",933.958333333333,682,479.998412965372,459,1815,305,597,902
"123",2019,4,"AR",1203.9,1187,194.05259731917,912,1494,138.75,1125,1263.75
"124",2019,4,"AZ",1189.37931034483,1020,579.164879915969,304,1999,1146,668,1814
"125",2019,4,"CA",1595.84765625,1735,795.067428534243,262,2510,1592,751,2343
"126",2019,4,"CO",1228.85185185185,1491,413.251804752325,551,1709,797,862,1659
"127",2019,4,"CT",1778.70588235294,2213,892.066544932739,326,2625,1333,1194,2527
"128",2019,4,"DC",883,883,0,883,883,0,883,883
"129",2019,4,"FL",1315.6,1120,705.233946541741,192,2724,1246,842,2088
"130",2019,4,"GA",973.421052631579,731,583.430471624926,406,2139,375,577,952
"131",2019,4,"IA",1177.38888888889,1110,196.827526437231,910,1447,327.25,1071,1398.25
"132",2019,4,"ID",755.916666666667,688,259.271166693846,523,1282,102.25,646.75,749
"133",2019,4,"IL",912.105633802817,773,496.363309342715,177,1855,620,577,1197
"134",2019,4,"IN",1175.5,930,570.398336169349,516,1943,1113,701,1814
"135",2019,4,"KY",747.357142857143,699,253.316648043164,495,1506,30,699,729
"136",2019,4,"LA",1273.07142857143,1218,400.299015984054,488,1911,226.5,1053,1279.5
"137",2019,4,"MA",1293.88108108108,1139,812.055802938309,209,2704,1139,625,1764
"138",2019,4,"ME",493,493,0,493,493,0,493,493
"139",2019,4,"MI",1169.32558139535,1092,613.948645321346,409,2079,1334,540,1874
"140",2019,4,"MN",1178.5,1057,247.492890340775,936,1589,241.5,1057,1298.5
"141",2019,4,"MO",1151.12,1148,234.782047865675,738,1499,396,967,1363
"142",2019,4,"NC",924.672727272727,633,704.216508546264,255,2400,436,492,928
"143",2019,4,"ND",1225,1225,0,1225,1225,0,1225,1225
"144",2019,4,"NE",1181,1037,208.734965241298,1025,1433,408,1025,1433
"145",2019,4,"NJ",977,977,NA,977,977,0,977,977
"146",2019,4,"NM",1237.74074074074,1121,575.744240265962,328,1974,1184,677,1861
"147",2019,4,"NV",1368.6,2106,978.389126451547,192,2286,2036,246,2282
"148",2019,4,"NY",1275.40248962656,1084,884.059608563685,222,2619,1881,337,2218
"149",2019,4,"OH",1094.73793103448,930,650.781293488083,314,2187,1381,519,1900
"150",2019,4,"OK",1217.85714285714,1180,198.000360750032,833,1384,204,1180,1384
"151",2019,4,"OR",1016.3,751,715.463714185275,471,2497,207,569,776
"152",2019,4,"PA",1515.84615384615,2075,968.792190148283,210,2521,1376,878,2254
"153",2019,4,"SC",799.434782608696,645,515.013555470961,426,2206,76,601,677
"154",2019,4,"TN",917.6,787,431.991761285076,465,1969,347,655,1002
"155",2019,4,"TX",1057.03389830508,1121,442.460796760714,148,1944,674,733,1407
"156",2019,4,"UT",1325.71428571429,1865,679.827604197249,599,1888,1266,599,1865
"157",2019,4,"VA",1098.29411764706,726,882.071125583553,340,2449,1990,340,2330
"158",2019,4,"VT",324.333333333333,266,87.5,266,441,175,266,441
"159",2019,4,"WA",1406.16666666667,1008,733.442423015459,728,2520,1397,938,2335
"160",2019,4,"WI",1046.65384615385,850,454.13944486756,641,1845,586.75,777,1363.75
"161",2020,1,"AL",912.961538461538,682,466.335285456225,459,1815,294,608,902
"162",2020,1,"AR",1083.875,1187,142.326021614361,912,1187,275,912,1187
"163",2020,1,"AZ",1171.68965517241,1009,557.853097883066,304,1999,1146,668,1814
"164",2020,1,"CA",1603.49806949807,1756,793.473667028451,262,2510,1592,751,2343
"165",2020,1,"CO",1296.85714285714,1498.5,449.58444614558,551,1810,847,862,1709
"166",2020,1,"CT",1778.70588235294,2213,892.066544932739,326,2625,1333,1194,2527
"167",2020,1,"DC",883,883,0,883,883,0,883,883
"168",2020,1,"FL",1310.18115942029,1120,674.128637202468,192,2724,1017.25,846,1863.25
"169",2020,1,"GA",973.421052631579,731,583.430471624926,406,2139,375,577,952
"170",2020,1,"IA",1178.375,1127,177.383596246641,910,1447,256,1071,1327
"171",2020,1,"ID",755.916666666667,688,259.271166693846,523,1282,102.25,646.75,749
"172",2020,1,"IL",938.372262773723,783,502.11971280731,177,1855,665,594,1259
"173",2020,1,"IN",1175.5,930,570.398336169349,516,1943,1113,701,1814
"174",2020,1,"KY",689,699,133.663133785398,495,910,30,699,729
"175",2020,1,"LA",1273.07142857143,1218,400.299015984054,488,1911,226.5,1053,1279.5
"176",2020,1,"MA",1316.64406779661,1142,819.402555969173,209,2704,1480,625,2105
"177",2020,1,"ME",924,885,474.06581821515,493,1394,871.75,493,1364.75
"178",2020,1,"MI",1163.57777777778,1044,600.43822969292,409,2079,1334,540,1874
"179",2020,1,"MN",1178.5,1057,247.492890340775,936,1589,241.5,1057,1298.5
"180",2020,1,"MO",1147.15384615385,1148,230.925735648098,738,1499,376.75,986.25,1363
"181",2020,1,"MT",1166.07142857143,908,484.54061737909,807,1902,775.5,878,1653.5
"182",2020,1,"NC",984.130434782609,595,756.574021015368,255,2400,1071.75,492,1563.75
"183",2020,1,"ND",1161.33333333333,1165,58.6537864648708,1094,1225,98.25,1111.75,1210
"184",2020,1,"NE",1182.8,1113.5,184.126043785229,1025,1433,344.25,1028,1372.25
"185",2020,1,"NJ",977,977,NA,977,977,0,977,977
"186",2020,1,"NM",1145.70833333333,896,543.299299303053,328,1861,1040.75,677,1717.75
"187",2020,1,"NV",1266.66666666667,1984,979.691945303373,192,2282,1938,236,2174
"188",2020,1,"NY",1284.19178082192,1077,889.870601729287,222,2619,1881,337,2218
"189",2020,1,"OH",1123.35766423358,948,647.578733996041,314,2187,1381,519,1900
"190",2020,1,"OK",1093.25,1180,173.5,833,1180,86.75,1093.25,1180
"191",2020,1,"OR",1097.63157894737,776,695.710844350847,569,2497,220,751,971
"192",2020,1,"PA",1443.06666666667,970,917.260787552238,210,2521,1376,878,2254
"193",2020,1,"SC",799.434782608696,645,515.013555470961,426,2206,76,601,677
"194",2020,1,"TN",869.275,787,374.657928598259,465,1969,325.25,676.75,1002
"195",2020,1,"TX",1042.31654676259,1105,428.975372900987,148,1894,687.75,715,1402.75
"196",2020,1,"UT",1325.71428571429,1865,679.827604197249,599,1888,1266,599,1865
"197",2020,1,"VA",1069.33333333333,726,715.277393743155,662,2330,5,726,731
"198",2020,1,"VT",341,266,93.5414346693485,266,441,175,266,441
"199",2020,1,"WA",1406.16666666667,1008,733.442423015459,728,2520,1397,938,2335
"200",2020,1,"WI",1007.19047619048,850,408.3532317795,641,1845,298,777,1075
"201",2020,1,"WY",1339.5,1339.5,584.494320854456,785,1894,1109,785,1894
"202",2020,2,"AL",1008.61111111111,671.5,549.935305167145,570,1815,1084,641,1725
"203",2020,2,"AR",1432.5,1432.5,65.7462655104564,1371,1494,123,1371,1494
"204",2020,2,"AZ",1213.11764705882,1081.5,547.061503644749,304,1999,1095.75,711.75,1807.5
"205",2020,2,"CA",1597.64728682171,1756,766.247465647546,370,2510,1395,935,2330
"206",2020,2,"CO",1281.44,1491,382.208612322294,602,1709,776,883,1659
"207",2020,2,"CT",1778.70588235294,2213,892.066544932739,326,2625,1333,1194,2527
"208",2020,2,"DC",883,883,0,883,883,0,883,883
"209",2020,2,"FL",1352.09243697479,1102,691.383873744911,192,2724,1242,846,2088
"210",2020,2,"GA",973.421052631579,731,583.430471624926,406,2139,375,577,952
"211",2020,2,"IA",1299.18181818182,1252,147.683999256398,1127,1447,298,1149,1447
"212",2020,2,"ID",993.3125,696,573.7327738881,523,2059,594,688,1282
"213",2020,2,"IL",995.709677419355,864,492.627661209268,235,1855,795,645,1440
"214",2020,2,"IN",1187.11111111111,973,523.367302506885,516,1943,1113,701,1814
"215",2020,2,"KY",748.5,703,253.098263070355,495,1506,30,699,729
"216",2020,2,"LA",1277.30769230769,1218,416.317664093055,488,1911,302,998,1300
"217",2020,2,"MA",1362.10429447853,1204,802.242294404914,200,2704,1416.5,688.5,2105
"218",2020,2,"ME",924,885,474.06581821515,493,1394,871.75,493,1364.75
"219",2020,2,"MI",1266.38235294118,1118.5,619.209271654896,409,2079,1334,540,1874
"220",2020,2,"MN",1189.41666666667,1029,268.951316423736,936,1589,371,1005.75,1376.75
"221",2020,2,"MO",1128.66666666667,1148,235.999837027323,738,1499,396,967,1363
"222",2020,2,"MT",878,878,0,878,878,0,878,878
"223",2020,2,"NC",1080.65714285714,599,803.960452014501,255,2400,1584,541,2125
"224",2020,2,"ND",1161.33333333333,1165,58.6537864648708,1094,1225,98.25,1111.75,1210
"225",2020,2,"NE",1075.57142857143,1037,78.3535941376381,1025,1190,88.5,1025,1113.5
"226",2020,2,"NM",1080.68181818182,896,519.73870599641,328,1861,993,677,1670
"227",2020,2,"NV",1401,2106,956.826457391944,236,2282,1925,276,2201
"228",2020,2,"NY",1496.20472440945,1225,820.859541168103,229,2608,1493,929,2422
"229",2020,2,"OH",1222.45,1021.5,620.883672916367,314,2187,1140,776,1916
"230",2020,2,"OK",1160.09090909091,1180,173.547949884437,833,1384,211,1071,1282
"231",2020,2,"OR",1091.45,776,676.957704890436,569,2497,220,751,971
"232",2020,2,"PA",1631.42857142857,1522.5,748.594756787749,878,2521,1340,914,2254
"233",2020,2,"SC",1182.52173913043,760,752.064528529609,426,2396,1510.75,601,2111.75
"234",2020,2,"TN",1078.48780487805,803,519.231023820381,550,1969,794,655,1449
"235",2020,2,"TX",1036.7880794702,1067,420.330483950222,190,1894,696,694,1390
"236",2020,2,"UT",1325.71428571429,1865,679.827604197249,599,1888,1266,599,1865
"237",2020,2,"VA",1570,1382,811.999261083408,662,2520,1706,731,2437
"238",2020,2,"WA",1801.71428571429,2335,727.621860191523,977,2520,1280,1055,2335
"239",2020,2,"WI",1098.8125,777,470.236283691508,641,1845,686,777,1463
"240",2020,3,"AL",940.315789473684,661,538.29443127051,570,1815,651.5,597,1248.5
"241",2020,3,"AR",1439.33333333333,1494,64.8266920334518,1371,1494,123,1371,1494
"242",2020,3,"AZ",1183.14285714286,1081,572.574220599599,304,1999,1165.25,668,1833.25
"243",2020,3,"CA",1580.30188679245,1735,764.132975321507,370,2510,1470,859,2329
"244",2020,3,"CO",1254.92307692308,1491,398.148105415753,592,1709,791.75,867.25,1659
"245",2020,3,"CT",1727.69230769231,2527,992.271920444474,326,2625,1416,1111,2527
"246",2020,3,"DC",883,883,0,883,883,0,883,883
"247",2020,3,"FL",1351.99130434783,1068,710.115007928382,192,2724,1311,842,2153
"248",2020,3,"GA",973.421052631579,731,583.430471624926,406,2139,375,577,952
"249",2020,3,"IA",1230.58333333333,1252,224.970890372847,910,1447,357.75,1089.25,1447
"250",2020,3,"ID",1067.29411764706,749,566.966904314736,523,2059,760,688,1448
"251",2020,3,"IL",983.137404580153,801,501.12186086449,235,1855,819,621,1440
"252",2020,3,"IN",1175.5,930,570.398336169349,516,1943,1113,701,1814
"253",2020,3,"KY",687.181818181818,699,146.339890789776,495,910,132,597,729
"254",2020,3,"LA",1273.07142857143,1218,400.299015984054,488,1911,226.5,1053,1279.5
"255",2020,3,"MA",1318.29310344828,1142,817.539612275775,192,2704,1364.25,626.75,1991
"256",2020,3,"ME",493,493,0,493,493,0,493,493
"257",2020,3,"MI",1218.47727272727,1092,643.129032900732,409,2079,1357,540,1897
"258",2020,3,"MN",1178.5,1057,247.492890340775,936,1589,241.5,1057,1298.5
"259",2020,3,"MO",1129.35714285714,1148,231.617055325078,738,1499,396,967,1363
"260",2020,3,"MT",1245.60869565217,1027,429.72102357549,807,1902,897,908,1805
"261",2020,3,"NC",1182.22222222222,677,819.012428834788,255,2400,1550,575,2125
"262",2020,3,"ND",1225,1225,0,1225,1225,0,1225,1225
"263",2020,3,"NE",1182.8,1113.5,184.126043785229,1025,1433,344.25,1028,1372.25
"264",2020,3,"NM",1145.70833333333,896,543.299299303053,328,1861,1040.75,677,1717.75
"265",2020,3,"NV",1499.33333333333,2106,943.50997711899,236,2286,1937,345,2282
"266",2020,3,"NY",1350.58783783784,1077,884.287490797924,249,2608,1980,463,2443
"267",2020,3,"OH",1202.015625,1012,652.041457843029,314,2187,1369,626,1995
"268",2020,3,"OK",1217.85714285714,1180,198.000360750032,833,1384,204,1180,1384
"269",2020,3,"OR",1097.63157894737,776,695.710844350847,569,2497,220,751,971
"270",2020,3,"PA",1907.6,2254,715.874476892888,878,2521,1245.5,1208.75,2454.25
"271",2020,3,"SC",931.886363636364,643,636.842582714569,399,2206,369.75,573,942.75
"272",2020,3,"TN",1090.27272727273,831,519.78212625463,550,1969,831.75,706.75,1538.5
"273",2020,3,"TX",1043.68227424749,1067,417.678462504889,190,1894,675,715,1390
"274",2020,3,"UT",1325.71428571429,1865,679.827604197249,599,1888,1266,599,1865
"275",2020,3,"VA",1636.3,2029,856.269577571038,662,2520,1728,729.75,2457.75
"276",2020,3,"WA",2265.42857142857,2335,158.572651217938,2111,2520,224,2111,2335
"277",2020,3,"WI",1120.26666666667,777,478.566679436279,641,1845,686,777,1463
"278",2020,3,"WY",1404.41666666667,1784,548.502334184697,785,1894,1109,785,1894
"279",2020,4,"AL",913.4,682,475.945987831953,459,1815,305,597,902
"280",2020,4,"AR",1434.33333333333,1494,146.152887986063,1136,1494,0,1494,1494
"281",2020,4,"AZ",1188.94285714286,1081,544.100982347575,304,1999,1045.5,755.5,1801
"282",2020,4,"CA",1604.19923371648,1756,776.468330227038,370,2510,1471,859,2330
"283",2020,4,"CO",1228.85185185185,1491,413.251804752325,551,1709,797,862,1659
"284",2020,4,"CT",1610.41666666667,1703.5,958.651179174852,326,2527,1612.25,914.75,2527
"285",2020,4,"DC",883,883,0,883,883,0,883,883
"286",2020,4,"FL",1295.78195488722,1068,695.362956656514,192,2724,1130,842,1972
"287",2020,4,"GA",978.243243243243,731,590.709949759393,406,2139,375,577,952
"288",2020,4,"IA",1267,1252,156.033116143123,1090,1447,320,1127,1447
"289",2020,4,"ID",748.5,688,239.238776764329,523,1282,49.75,688,737.75
"290",2020,4,"IL",981.015625,818.5,498.720441223432,235,1855,733.5,621,1354.5
"291",2020,4,"IN",1157.2,973,533.064802189502,516,1943,1113,701,1814
"292",2020,4,"KY",768.266666666667,699,247.918899949925,495,1506,181,699,880
"293",2020,4,"LA",1277.30769230769,1218,416.317664093055,488,1911,302,998,1300
"294",2020,4,"MA",1344.80239520958,1204,806.469355997426,200,2704,1469,636,2105
"295",2020,4,"ME",493,493,0,493,493,0,493,493
"296",2020,4,"MI",1260.13157894737,1145,605.698755338874,409,2079,1334,540,1874
"297",2020,4,"MN",1187.84615384615,1057,255.014328405891,936,1589,249,1057,1306
"298",2020,4,"MO",1129.35714285714,1148,231.617055325078,738,1499,396,967,1363
"299",2020,4,"MT",890.888888888889,908,21.1627292925821,861,908,30,878,908
"300",2020,4,"NC",1025.74418604651,650,766.979111065374,255,2400,1430,519,1949
"301",2020,4,"ND",1161.33333333333,1165,58.6537864648708,1094,1225,98.25,1111.75,1210
"302",2020,4,"NE",1075.57142857143,1037,78.3535941376381,1025,1190,88.5,1025,1113.5
"303",2020,4,"NM",1080.68181818182,896,519.73870599641,328,1861,993,677,1670
"304",2020,4,"NV",1469.23076923077,2106,948.880616629608,236,2286,1971.5,310.5,2282
"305",2020,4,"NY",1399.67346938776,1111,873.387556674767,249,2619,1954,459,2413
"306",2020,4,"OH",1201.31666666667,1012,647.084527920819,314,2187,1345.75,626,1971.75
"307",2020,4,"OK",1093.25,1180,173.5,833,1180,86.75,1093.25,1180
"308",2020,4,"OR",1069.59090909091,776,648.219734870302,569,2497,205,751,956
"309",2020,4,"PA",1907.6,2254,715.874476892888,878,2521,1245.5,1208.75,2454.25
"310",2020,4,"SC",836.25,643,519.444809634681,426,2206,244,601,845
"311",2020,4,"TN",1014.40540540541,803,500.152391191339,550,1969,347,655,1002
"312",2020,4,"TX",1041.29166666667,1067,425.322788176875,190,1944,682,708,1390
"313",2020,4,"UT",1325.71428571429,1865,679.827604197249,599,1888,1266,599,1865
"314",2020,4,"VA",1730.88888888889,2179.5,851.306393235361,662,2520,1772,727.25,2499.25
"315",2020,4,"WA",1801.71428571429,2335,727.621860191523,977,2520,1280,1055,2335
"316",2020,4,"WI",1054.85714285714,1075,410.597300109417,641,1463,820.5,641,1461.5
"317",2021,1,"AL",916.25,651,534.877150184483,459,1815,371.75,593.5,965.25
"318",2021,1,"AR",1494,1494,0,1494,1494,0,1494,1494
"319",2021,1,"AZ",1154.47058823529,1050.5,529.446608479029,304,1999,972.5,711.75,1684.25
"320",2021,1,"CA",1623.30081300813,1776.5,786.653069656082,370,2510,1484,859,2343
"321",2021,1,"CO",1274.78260869565,1491,458.639675225357,551,1810,847,862,1709
"322",2021,1,"CT",1555.63636363636,1194,985.546373614887,326,2527,1808.5,718.5,2527
"323",2021,1,"DC",883,883,0,883,883,0,883,883
"324",2021,1,"FL",1258.88513513514,1068,666.950808736395,192,2724,676,825,1501
"325",2021,1,"GA",973.421052631579,731,583.430471624926,406,2139,375,577,952
"326",2021,1,"IA",1189,1149,92.2050854225393,1090,1327,125,1127,1252
"327",2021,1,"ID",748.5,688,239.238776764329,523,1282,49.75,688,737.75
"328",2021,1,"IL",991.632352941176,864,478.100342928654,235,1855,629.75,646,1275.75
"329",2021,1,"IN",1157.2,973,533.064802189502,516,1943,1113,701,1814
"330",2021,1,"KY",802.9,804.5,302.674908110996,495,1506,349,553.5,902.5
"331",2021,1,"LA",1277.30769230769,1218,416.317664093055,488,1911,302,998,1300
"332",2021,1,"MA",1390.71153846154,1231,805.729803503074,200,2704,1405.5,748.25,2153.75
"333",2021,1,"ME",1394,1394,0,1394,1394,0,1394,1394
"334",2021,1,"MI",1322.88571428571,1214,589.824089998753,409,2079,862.5,1011.5,1874
"335",2021,1,"MN",1187.84615384615,1057,255.014328405891,936,1589,249,1057,1306
"336",2021,1,"MO",1129.35714285714,1148,231.617055325078,738,1499,396,967,1363
"337",2021,1,"MT",1171.68421052632,948,404.701268788553,861,1902,290,908,1198
"338",2021,1,"NC",1031.6976744186,650,762.563956252468,255,2400,1402,547,1949
"339",2021,1,"ND",1161.33333333333,1165,58.6537864648708,1094,1225,98.25,1111.75,1210
"340",2021,1,"NE",1075.57142857143,1037,78.3535941376381,1025,1190,88.5,1025,1113.5
"341",2021,1,"NJ",977,977,NA,977,977,0,977,977
"342",2021,1,"NM",880.5625,718,415.779904717227,328,1670,219,677,896
"343",2021,1,"NV",1362.69565217391,2106,959.331700848546,236,2282,1898,276,2174
"344",2021,1,"NY",1453.82781456954,1185,859.556449661408,249,2619,1666,756,2422
"345",2021,1,"OH",1116.00877192982,967,602.499226975805,314,2187,1128,626,1754
"346",2021,1,"OK",1093.25,1180,173.5,833,1180,86.75,1093.25,1180
"347",2021,1,"OR",1079.85714285714,776,662.392352440326,569,2497,220,751,971
"348",2021,1,"PA",1570.88888888889,920,807.339526538315,878,2521,1609,912,2521
"349",2021,1,"SC",878.606060606061,677,589.054376702288,426,2206,327,601,928
"350",2021,1,"SD",1336,1336,0,1336,1336,0,1336,1336
"351",2021,1,"TN",928.30303030303,803,395.489450305606,550,1969,347,655,1002
"352",2021,1,"TX",1028.20462046205,1061,413.534735976768,190,1894,675,715,1390
"353",2021,1,"UT",1325.71428571429,1865,679.827604197249,599,1888,1266,599,1865
"354",2021,1,"VA",1318,731,845.802104513816,662,2437,1604,726,2330
"355",2021,1,"WA",1801.71428571429,2335,727.621860191523,977,2520,1280,1055,2335
"356",2021,1,"WI",1112.6,1173,353.15913945101,641,1463,694.5,749.5,1444
"357",2021,1,"WY",1277.88888888889,785,584.494320854456,785,1894,1109,785,1894
"358",2021,2,"AL",912.961538461538,682,466.335285456225,459,1815,294,608,902
"359",2021,2,"AR",1494,1494,0,1494,1494,0,1494,1494
"360",2021,2,"AZ",1154.20689655172,1081,583.425621364904,324,1999,1146,668,1814
"361",2021,2,"CA",1615.04597701149,1756,784.517728995816,370,2510,1471,859,2330
"362",2021,2,"CO",1150.18181818182,967,410.783052120083,551,1709,720,833,1553
"363",2021,2,"CT",1813.33333333333,2527,947.916637885923,326,2625,1374.5,1152.5,2527
"364",2021,2,"DC",883,883,0,883,883,0,883,883
"365",2021,2,"FL",1280.58695652174,1120,652.878698207524,192,2724,658,843,1501
"366",2021,2,"GA",973.421052631579,731,583.430471624926,406,2139,375,577,952
"367",2021,2,"IA",1299.18181818182,1252,147.683999256398,1127,1447,298,1149,1447
"368",2021,2,"ID",755.916666666667,688,259.271166693846,523,1282,102.25,646.75,749
"369",2021,2,"IL",976.958041958042,809,485.736581282632,235,1855,650.5,642,1292.5
"370",2021,2,"IN",1153.54166666667,912,550.088212622909,516,1943,1113,701,1814
"371",2021,2,"KY",742.3125,699,236.227494518878,495,1506,30,699,729
"372",2021,2,"LA",1273.07142857143,1218,400.299015984054,488,1911,226.5,1053,1279.5
"373",2021,2,"MA",1332.05084745763,1204,811.272074018121,209,2704,1473,632,2105
"374",2021,2,"ME",493,493,0,493,493,0,493,493
"375",2021,2,"MI",1215.46153846154,1145,628.012438954661,409,2079,1334,540,1874
"376",2021,2,"MN",1178.5,1057,247.492890340775,936,1589,241.5,1057,1298.5
"377",2021,2,"MO",1129.35714285714,1148,231.617055325078,738,1499,396,967,1363
"378",2021,2,"MT",899.428571428571,908,14.638501094228,878,908,15,893,908
"379",2021,2,"NC",1002.34782608696,633,744.928847232817,255,2400,988.75,575,1563.75
"380",2021,2,"ND",1225,1225,0,1225,1225,0,1225,1225
"381",2021,2,"NE",1182.8,1113.5,184.126043785229,1025,1433,344.25,1028,1372.25
"382",2021,2,"NJ",977,977,NA,977,977,0,977,977
"383",2021,2,"NM",1145.70833333333,896,543.299299303053,328,1861,1040.75,677,1717.75
"384",2021,2,"NV",1401,2106,956.826457391944,236,2282,1925,276,2201
"385",2021,2,"NY",1260.74,1070,853.296329259442,249,2619,1814,375,2189
"386",2021,2,"OH",1110.2265625,940,627.236134751257,314,2187,1298.5,547.5,1846
"387",2021,2,"OK",1093.25,1180,173.5,833,1180,86.75,1093.25,1180
"388",2021,2,"OR",1097.63157894737,776,695.710844350847,569,2497,220,751,971
"389",2021,2,"PA",1751.33333333333,2164.5,743.299931305518,878,2521,1363.25,957.5,2320.75
"390",2021,2,"SC",803.448979591837,643,499.344781573167,399,2206,159,601,760
"391",2021,2,"TN",878.809523809524,787,366.311425422262,550,1969,339.75,662.25,1002
"392",2021,2,"TX",1061.66666666667,1105,424.819421447339,190,1944,683,724,1407
"393",2021,2,"UT",1325.71428571429,1865,679.827604197249,599,1888,1266,599,1865
"394",2021,2,"VA",1318,731,845.802104513816,662,2437,1604,726,2330
"395",2021,2,"WA",2381.25,2335,92.5,2335,2520,46.25,2335,2381.25
"396",2021,2,"WI",829.090909090909,777,241.025498462488,641,1460,68,709,777
"397",2021,2,"WV",721,721,0,721,721,0,721,721
"398",2021,3,"AL",912.961538461538,682,466.335285456225,459,1815,294,608,902
"399",2021,3,"AR",1494,1494,0,1494,1494,0,1494,1494
"400",2021,3,"AZ",1209.07407407407,1081,601.785863136735,324,1999,1184.5,668,1852.5
"401",2021,3,"CA",1603.19202898551,1756,792.426838200138,263,2510,1484,859,2343
"402",2021,3,"CO",1179.58333333333,967,405.042810788475,551,1709,698.25,854.75,1553
"403",2021,3,"CT",1813.33333333333,2527,947.916637885923,326,2625,1374.5,1152.5,2527
"404",2021,3,"DC",883,883,0,883,883,0,883,883
"405",2021,3,"FL",1268.12121212121,1059,667.145131449552,192,2724,655,846,1501
"406",2021,3,"GA",973.421052631579,731,583.430471624926,406,2139,375,577,952
"407",2021,3,"IA",1215.78571428571,1200.5,210.333865948485,910,1447,320,1127,1447
"408",2021,3,"ID",1146.38888888889,749,637.900336940874,523,2167,760,688,1448
"409",2021,3,"IL",972.944055944056,801,490.331459841395,235,1855,728.5,621,1349.5
"410",2021,3,"IN",1175.5,930,570.398336169349,516,1943,1113,701,1814
"411",2021,3,"KY",689,699,133.663133785398,495,910,30,699,729
"412",2021,3,"LA",1273.07142857143,1218,400.299015984054,488,1911,226.5,1053,1279.5
"413",2021,3,"MA",1281.3664921466,1124,818.412668863041,192,2704,1252.5,625,1877.5
"414",2021,3,"ME",493,493,0,493,493,0,493,493
"415",2021,3,"MI",1137.46511627907,1044,628.747369542437,409,2079,1334,540,1874
"416",2021,3,"MN",1178.5,1057,247.492890340775,936,1589,241.5,1057,1298.5
"417",2021,3,"MO",1129.35714285714,1148,231.617055325078,738,1499,396,967,1363
"418",2021,3,"MS",888,888,0,888,888,0,888,888
"419",2021,3,"MT",1276.24,1027,440.901281467859,807,1931,897,908,1805
"420",2021,3,"NC",950.137254901961,599,724.371590265876,255,2400,444,492,936
"421",2021,3,"ND",1225,1225,0,1225,1225,0,1225,1225
"422",2021,3,"NE",1182.8,1113.5,184.126043785229,1025,1433,344.25,1028,1372.25
"423",2021,3,"NM",1237.74074074074,1121,575.744240265962,328,1974,1184,677,1861
"424",2021,3,"NV",1499.33333333333,2106,943.50997711899,236,2286,1937,345,2282
"425",2021,3,"NY",1222.35023041475,1063,860.87156358716,222,2619,1852,337,2189
"426",2021,3,"OH",1145.40145985401,967,651.025316439316,314,2187,1381,519,1900
"427",2021,3,"OK",1093.25,1180,173.5,833,1180,86.75,1093.25,1180
"428",2021,3,"OR",947.96,751,660.989061936731,471,2497,207,569,776
"429",2021,3,"PA",1751.33333333333,2164.5,743.299931305518,878,2521,1363.25,957.5,2320.75
"430",2021,3,"SC",820.595238095238,643,538.081962181926,399,2206,306.75,517,823.75
"431",2021,3,"TN",896.378378378378,803,375.237876504976,550,1969,318,684,1002
"432",2021,3,"TX",1064.5,1113,421.781272073064,190,1944,674,733,1407
"433",2021,3,"UT",1325.71428571429,1865,679.827604197249,599,1888,1266,599,1865
"434",2021,3,"VA",1448.44444444444,726,888.223805005122,662,2437,1604,726,2330
"435",2021,3,"VT",441,441,0,441,441,0,441,441
"436",2021,3,"WA",2381.25,2335,92.5,2335,2520,46.25,2335,2381.25
"437",2021,3,"WI",987.75,850,408.869799762583,641,1845,129.25,777,906.25
"438",2021,3,"WY",1355,1355,600.832755431992,785,1925,1140,785,1925
"439",2021,4,"AL",935.347826086957,682,490.73688642653,459,1815,305,597,902
"440",2021,4,"AR",1340.5,1340.5,161.803206945282,1187,1494,307,1187,1494
"441",2021,4,"AZ",1192.76470588235,1034,570.273515387959,304,1999,1139.5,668,1807.5
"442",2021,4,"CA",1602.4465648855,1776.5,798.696099163864,263,2510,1592,751,2343
"443",2021,4,"CO",1165.88571428571,967,402.407517429823,551,1709,682,847.5,1529.5
"444",2021,4,"CT",1802.83333333333,2213,871.464504356283,326,2625,1333,1194,2527
"445",2021,4,"DC",883,883,0,883,883,0,883,883
"446",2021,4,"FL",1306.77941176471,1120,680.588619871733,192,2724,1049,845,1894
"447",2021,4,"GA",978.243243243243,731,590.709949759393,406,2139,375,577,952
"448",2021,4,"IA",1182.4375,1149,211.028582187343,910,1447,409,1038,1447
"449",2021,4,"ID",755.916666666667,688,259.271166693846,523,1282,102.25,646.75,749
"450",2021,4,"IL",961.484848484848,801,495.008666511356,235,1855,638,621,1259
"451",2021,4,"IN",1198.09523809524,1020,574.306878311753,516,1943,1113,701,1814
"452",2021,4,"KY",751.076923076923,699,263.262056241324,495,1506,30,699,729
"453",2021,4,"LA",1273.07142857143,1218,400.299015984054,488,1911,226.5,1053,1279.5
"454",2021,4,"MA",1293.17741935484,1133,811.649622000013,209,2704,1139,625,1764
"455",2021,4,"ME",493,493,0,493,493,0,493,493
"456",2021,4,"MI",1197.19512195122,1092,615.219156866567,409,2079,1334,540,1874
"457",2021,4,"MN",1201.73333333333,1057,239.001036060715,936,1589,250,1057,1307
"458",2021,4,"MO",1147.12,1148,235.687526186686,738,1499,396,967,1363
"459",2021,4,"MS",888,888,0,888,888,0,888,888
"460",2021,4,"MT",908,908,0,908,908,0,908,908
"461",2021,4,"NC",954.74,616,731.894489161728,255,2400,444,492,936
"462",2021,4,"ND",1159.5,1159.5,75.632885263841,1094,1225,131,1094,1225
"463",2021,4,"NE",1075.57142857143,1037,78.3535941376381,1025,1190,88.5,1025,1113.5
"464",2021,4,"NM",1114.60869565217,896,533.219956246135,328,1861,993,677,1670
"465",2021,4,"NV",1266.66666666667,1984,979.691945303373,192,2282,1938,236,2174
"466",2021,4,"NY",1265.81904761905,1063,879.806049537576,222,2619,1884.75,326,2210.75
"467",2021,4,"OH",1160.26229508197,990,649.492043141238,314,2187,1354.25,545.75,1900
"468",2021,4,"OK",1079.2,1180,153.504723054374,833,1180,157,1023,1180
"469",2021,4,"OR",1012.18181818182,763.5,680.672261277575,471,2497,307.75,614.5,922.25
"470",2021,4,"PA",1515.84615384615,2075,968.792190148283,210,2521,1376,878,2254
"471",2021,4,"SC",778.16,643,503.132893549436,399,2206,247.5,489,736.5
"472",2021,4,"TN",842.731707317073,724,379.297048788298,465,1969,247,612,859
"473",2021,4,"TX",1045.25496688742,1102,429.974577659796,148,1944,675,715,1390
"474",2021,4,"UT",1325.71428571429,1865,679.827604197249,599,1888,1266,599,1865
"475",2021,4,"VA",1069.33333333333,726,715.277393743155,662,2330,5,726,731
"476",2021,4,"VT",353.5,353.5,95.8514475634041,266,441,175,266,441
"477",2021,4,"WA",2381.25,2335,92.5,2335,2520,46.25,2335,2381.25
"478",2021,4,"WI",1027.57894736842,850,424.882508699559,641,1845,458.5,777,1235.5
"479",2022,1,"AL",913.4,682,475.945987831953,459,1815,305,597,902
"480",2022,1,"AR",1159,1159,0,1159,1159,0,1159,1159
"481",2022,1,"AZ",1174.72727272727,1034,569.181170230933,304,1999,1146,668,1814
"482",2022,1,"CA",1583.28682170543,1756,802.783723861212,263,2510,1588,742,2330
"483",2022,1,"CO",1244.85106382979,1491,451.838321349737,551,1810,851,833,1684
"484",2022,1,"CT",1784.78571428571,2527,976.985172596047,326,2625,1395.25,1131.75,2527
"485",2022,1,"DC",883,883,0,883,883,0,883,883
"486",2022,1,"FL",1312.31654676259,1102,679.853938234468,192,2724,1074,846,1920
"487",2022,1,"GA",973.421052631579,731,583.430471624926,406,2139,375,577,952
"488",2022,1,"IA",1275,1252,145.993150524263,1090,1447,309,1138,1447
"489",2022,1,"ID",755.916666666667,688,259.271166693846,523,1282,102.25,646.75,749
"490",2022,1,"IL",985.587301587302,836,499.603046745574,235,1855,752.75,642,1394.75
"491",2022,1,"IN",1173.21739130435,912,553.748954977199,516,1943,1113,701,1814
"492",2022,1,"KY",751.076923076923,699,263.262056241324,495,1506,30,699,729
"493",2022,1,"LA",1277.30769230769,1218,416.317664093055,488,1911,302,998,1300
"494",2022,1,"MA",1309.60655737705,1142,794.918931771431,209,2704,1245.5,632,1877.5
"495",2022,1,"ME",924,885,474.06581821515,493,1394,871.75,493,1364.75
"496",2022,1,"MI",1239.525,1118.5,594.290483556782,409,2079,1218,656,1874
"497",2022,1,"MN",1201.73333333333,1057,239.001036060715,936,1589,250,1057,1307
"498",2022,1,"MO",1147.12,1148,235.687526186686,738,1499,396,967,1363
"499",2022,1,"MT",1135.72222222222,908,435.46672805374,807,1902,332.75,865.25,1198
"500",2022,1,"NC",1028.2619047619,599,777.019134005668,255,2400,1545,492,2037
"501",2022,1,"ND",1159.5,1159.5,75.632885263841,1094,1225,131,1094,1225
"502",2022,1,"NE",1075.57142857143,1037,78.3535941376381,1025,1190,88.5,1025,1113.5
"503",2022,1,"NJ",998,998,0,998,998,0,998,998
"504",2022,1,"NM",1114.60869565217,896,533.219956246135,328,1861,993,677,1670
"505",2022,1,"NV",1292.28571428571,1984,970.88912504039,192,2282,1938,236,2174
"506",2022,1,"NY",1268.10052910053,1056,878.595231187648,249,2619,1863,326,2189
"507",2022,1,"OH",1149.45299145299,990,627.241408397977,314,2187,1274,626,1900
"508",2022,1,"OK",1093.25,1180,173.5,833,1180,86.75,1093.25,1180
"509",2022,1,"OR",1012.18181818182,763.5,680.672261277575,471,2497,307.75,614.5,922.25
"510",2022,1,"PA",1515.84615384615,2075,968.792190148283,210,2521,1376,878,2254
"511",2022,1,"SC",820.461538461538,643,559.302330735347,399,2206,271,489,760
"512",2022,1,"TN",883,787,378.55551478981,550,1969,318,684,1002
"513",2022,1,"TX",1050,1102,435.421737692518,190,1944,683.5,715,1398.5
"514",2022,1,"UT",1325.71428571429,1865,679.827604197249,599,1888,1266,599,1865
"515",2022,1,"VA",1069.33333333333,726,715.277393743155,662,2330,5,726,731
"516",2022,1,"VT",266,266,0,266,266,0,266,266
"517",2022,1,"WA",2131.6,2335,563.952834907317,1133,2520,0,2335,2335
"518",2022,1,"WI",939.722222222222,850,295.571789936956,641,1463,241.75,777,1018.75
"519",2022,1,"WY",1277.88888888889,785,584.494320854456,785,1894,1109,785,1894
"520",2022,2,"AL",935.347826086957,682,490.73688642653,459,1815,305,597,902
"521",2022,2,"AR",1185.58333333333,1159,190.517695829659,912,1371,273.75,1097.25,1371
"522",2022,2,"AZ",1167,1034,591.227918499206,324,1999,1126.5,668,1794.5
"523",2022,2,"CA",1562.29069767442,1735,800.519163249857,263,2510,1584.75,744.25,2329
"524",2022,2,"CO",1150.18181818182,967,410.783052120083,551,1709,720,833,1553
"525",2022,2,"CT",1813.33333333333,2527,947.916637885923,326,2625,1374.5,1152.5,2527
"526",2022,2,"DC",883,883,0,883,883,0,883,883
"527",2022,2,"FL",1272.48,1102,690.092473934215,192,2724,1024,825,1849
"528",2022,2,"GA",973.421052631579,731,583.430471624926,406,2139,375,577,952
"529",2022,2,"IA",1177.68421052632,1127,190.373332817265,910,1447,278.5,1071,1349.5
"530",2022,2,"ID",854.785714285714,688,346.470595615809,523,1448,460.75,688,1148.75
"531",2022,2,"IL",940.084507042254,794,485.05650022523,235,1855,620,607,1227
"532",2022,2,"IN",1198.09523809524,1020,574.306878311753,516,1943,1113,701,1814
"533",2022,2,"KY",688.166666666667,699,139.571313367581,495,910,81,648,729
"534",2022,2,"LA",1278.92857142857,1218,400.031049619077,488,1911,247,1053,1300
"535",2022,2,"MA",1266.15706806283,1124,815.654465309133,209,2704,1196,563,1759
"536",2022,2,"ME",493,493,0,493,493,0,493,493
"537",2022,2,"MI",1196.33333333333,1092,631.189158957887,409,2079,1334,540,1874
"538",2022,2,"MN",1201.73333333333,1057,239.001036060715,936,1589,250,1057,1307
"539",2022,2,"MO",1147.12,1148,235.687526186686,738,1499,396,967,1363
"540",2022,2,"MS",888,888,0,888,888,0,888,888
"541",2022,2,"MT",870.125,908,52.2724661201833,807,908,101,807,908
"542",2022,2,"NC",967.142857142857,633,734.150898430743,255,2400,444,492,936
"543",2022,2,"ND",1225,1225,0,1225,1225,0,1225,1225
"544",2022,2,"NE",1182.8,1113.5,184.126043785229,1025,1433,344.25,1028,1372.25
"545",2022,2,"NJ",998,998,0,998,998,0,998,998
"546",2022,2,"NM",1114.60869565217,896,533.219956246135,328,1861,993,677,1670
"547",2022,2,"NV",1266.66666666667,1984,979.691945303373,192,2282,1938,236,2174
"548",2022,2,"NY",1251.94736842105,1056,874.281194921589,222,2619,1863,326,2189
"549",2022,2,"OH",1148.66153846154,967,648.694234703184,314,2187,1371.5,528.5,1900
"550",2022,2,"OK",1093.25,1180,173.5,833,1180,86.75,1093.25,1180
"551",2022,2,"OR",947.96,751,660.989061936731,471,2497,207,569,776
"552",2022,2,"PA",1443.06666666667,970,917.260787552238,210,2521,1376,878,2254
"553",2022,2,"SC",781.391304347826,643,523.974659194756,399,2206,189.75,476.25,666
"554",2022,2,"TN",855.948717948718,787,384.399254388753,465,1969,297,633.5,930.5
"555",2022,2,"TX",1048.99656357388,1102,430.751040171512,190,1944,675,715,1390
"556",2022,2,"UT",1325.71428571429,1865,679.827604197249,599,1888,1266,599,1865
"557",2022,2,"VA",1069.33333333333,726,715.277393743155,662,2330,5,726,731
"558",2022,2,"VT",341,266,93.5414346693485,266,441,175,266,441
"559",2022,2,"WA",1628.5,1734,814.771308843338,790,2520,1545,790,2335
"560",2022,2,"WI",839.533333333333,777,203.324113764441,641,1460,73,777,850
"561",2022,3,"AL",957,682,490.911591303557,570,1815,294,608,902
"562",2022,3,"AR",1353.07692307692,1371,144.696499346311,1159,1494,335,1159,1494
"563",2022,3,"AZ",1146.92857142857,1034,602.539129116443,324,1999,1183.25,650,1833.25
"564",2022,3,"CA",1561.87401574803,1702.5,801.479821963005,263,2510,1595.25,744.25,2339.5
"565",2022,3,"CO",1150.18181818182,967,410.783052120083,551,1709,720,833,1553
"566",2022,3,"CT",1751.5625,2023,914.043176861283,326,2625,1353.75,1173.25,2527
"567",2022,3,"DC",883,883,0,883,883,0,883,883
"568",2022,3,"FL",1218.29464285714,1013,670.125840520424,192,2724,410,819,1229
"569",2022,3,"GA",973.421052631579,731,583.430471624926,406,2139,375,577,952
"570",2022,3,"IA",1176.27777777778,1138,199.035854161581,910,1447,360.25,1038,1398.25
"571",2022,3,"ID",854.785714285714,688,346.470595615809,523,1448,460.75,688,1148.75
"572",2022,3,"IL",939.307142857143,788.5,487.337176592982,235,1855,630,607,1237
"573",2022,3,"IN",1198.09523809524,1020,574.306878311753,516,1943,1113,701,1814
"574",2022,3,"KY",688.166666666667,699,139.571313367581,495,910,81,648,729
"575",2022,3,"LA",1277.30769230769,1218,416.317664093055,488,1911,302,998,1300
"576",2022,3,"MA",1254.22058823529,1047,809.463439245723,192,2704,1139,625,1764
"577",2022,3,"ME",435.857142857143,393,53.4522483824849,393,493,100,393,493
"578",2022,3,"MI",1196.33333333333,1092,631.189158957887,409,2079,1334,540,1874
"579",2022,3,"MN",1187.84615384615,1057,255.014328405891,936,1589,249,1057,1306
"580",2022,3,"MO",1147.12,1148,235.687526186686,738,1499,396,967,1363
"581",2022,3,"MS",888,888,0,888,888,0,888,888
"582",2022,3,"MT",1285.30434782609,1027,459.339093875162,807,1931,897,908,1805
"583",2022,3,"NC",956.807692307692,633,713.478692495824,255,2400,432.75,503.25,936
"584",2022,3,"ND",1225,1225,0,1225,1225,0,1225,1225
"585",2022,3,"NE",1182.8,1113.5,184.126043785229,1025,1433,344.25,1028,1372.25
"586",2022,3,"NJ",969.666666666667,998,49.0747728811182,913,998,42.5,955.5,998
"587",2022,3,"NM",1213.76923076923,1008.5,573.240773685355,328,1974,1184,677,1861
"588",2022,3,"NV",1266.66666666667,1984,979.691945303373,192,2282,1938,236,2174
"589",2022,3,"NY",1227.12315270936,1056,870.701503685795,222,2619,1877.5,326,2203.5
"590",2022,3,"OH",1150.5,990,655.197535880304,314,2187,1381,519,1900
"591",2022,3,"OK",1093.25,1180,173.5,833,1180,86.75,1093.25,1180
"592",2022,3,"OR",883.416666666667,751,589.260842564403,471,2358,230,546,776
"593",2022,3,"PA",1443.06666666667,970,917.260787552238,210,2521,1376,878,2254
"594",2022,3,"SC",797.90243902439,643,553.441361161146,399,2206,288,472,760
"595",2022,3,"TN",855.777777777778,787,391.616365564283,465,1969,282.75,612,894.75
"596",2022,3,"TX",1052.80968858131,1105,433.269500638555,190,1944,692,715,1407
"597",2022,3,"UT",1325.71428571429,1865,679.827604197249,599,1888,1266,599,1865
"598",2022,3,"VA",1560.35714285714,1530.5,884.437118445125,662,2449,1711,726,2437
"599",2022,3,"VT",434.777777777778,441,202.953059707028,266,763,175,266,441
"600",2022,3,"WA",1322.6,1071,677.135542455972,728,2520,944,790,1734
"601",2022,3,"WI",1009.05882352941,819,441.887778540581,641,1845,298,777,1075
"602",2022,3,"WY",1894,1894,0,1894,1894,0,1894,1894
"603",2022,4,"AL",935.434782608696,682,490.671694172846,459,1815,305,597,902
"604",2022,4,"AR",1129.5,1129.5,31.5368265456661,1100,1159,59,1100,1159
"605",2022,4,"AZ",1168.8064516129,1034,570.174676121557,304,1999,1150,651,1801
"606",2022,4,"CA",1573.47222222222,1745.5,801.407523764058,263,2510,1587,742,2329
"607",2022,4,"CO",1150.18181818182,967,410.783052120083,551,1709,720,833,1553
"608",2022,4,"CT",1739,1866,881.822644566688,325,2625,1395.25,1131.75,2527
"609",2022,4,"DC",883,883,0,883,883,0,883,883
"610",2022,4,"FL",1319.88636363636,1102,694.909688763814,192,2724,1130,842,1972
"611",2022,4,"GA",973.421052631579,731,583.430471624926,406,2139,375,577,952
"612",2022,4,"IA",1182.3125,1150,211.190820112996,910,1447,410,1037,1447
"613",2022,4,"ID",755.916666666667,688,259.271166693846,523,1282,102.25,646.75,749
"614",2022,4,"IL",943.163120567376,794,485.460571065008,235,1855,630,607,1237
"615",2022,4,"IN",1198.09523809524,1020,574.306878311753,516,1943,1113,701,1814
"616",2022,4,"KY",688.166666666667,699,139.571313367581,495,910,81,648,729
"617",2022,4,"LA",1273.07142857143,1218,400.299015984054,488,1911,226.5,1053,1279.5
"618",2022,4,"MA",1310.56043956044,1139,807.335303270573,209,2704,1132,632,1764
"619",2022,4,"ME",493,493,0,493,493,0,493,493
"620",2022,4,"MI",1197.19512195122,1092,615.219156866567,409,2079,1334,540,1874
"621",2022,4,"MN",1201.73333333333,1057,239.001036060715,936,1589,250,1057,1307
"622",2022,4,"MO",1147.12,1148,235.687526186686,738,1499,396,967,1363
"623",2022,4,"MS",888,888,0,888,888,0,888,888
"624",2022,4,"MT",908,908,0,908,908,0,908,908
"625",2022,4,"NC",982.063829787234,617,746.136961557598,255,2400,860.5,494,1354.5
"626",2022,4,"ND",1225,1225,0,1225,1225,0,1225,1225
"627",2022,4,"NE",1182.8,1113.5,184.126043785229,1025,1433,344.25,1028,1372.25
"628",2022,4,"NJ",998,998,NA,998,998,0,998,998
"629",2022,4,"NM",1114.60869565217,896,533.219956246135,328,1861,993,677,1670
"630",2022,4,"NV",1266.66666666667,1984,979.691945303373,192,2282,1938,236,2174
"631",2022,4,"NY",1242.69117647059,1063,857.396947071699,222,2619,1863,326,2189
"632",2022,4,"OH",1167.23387096774,990,647.251400735448,314,2187,1300.75,599.25,1900
"633",2022,4,"OK",1093.25,1180,173.5,833,1180,86.75,1093.25,1180
"634",2022,4,"OR",1012.18181818182,763.5,680.672261277575,471,2497,307.75,614.5,922.25
"635",2022,4,"PA",1443.06666666667,970,917.260787552238,210,2521,1376,878,2254
"636",2022,4,"SC",797.90243902439,643,553.441361161146,399,2206,288,472,760
"637",2022,4,"TN",867.891891891892,787,392.007425084425,464,1969,390,612,1002
"638",2022,4,"TX",1048.42671009772,1102,431.367695319532,148,1944,657,733,1390
"639",2022,4,"UT",1325.71428571429,1865,679.827604197249,599,1888,1266,599,1865
"640",2022,4,"VA",1168.86666666667,722,916.692257651441,324,2449,1837,493,2330
"641",2022,4,"VT",341,266,93.5414346693485,266,441,175,266,441
"642",2022,4,"WA",1628.5,1734,814.771308843338,790,2520,1545,790,2335
"643",2022,4,"WI",829.928571428571,777,210.971549042743,641,1460,42,777,819
"644",2023,1,"AL",691.111111111111,641,144.30844779352,459,902,259.75,587.25,847
"645",2023,1,"AR",1159,1159,0,1159,1159,0,1159,1159
"646",2023,1,"AZ",1168.03571428571,1034,583.444020110905,304,1999,1182.25,651,1833.25
"647",2023,1,"CA",1589.34117647059,1756,797.861801320557,263,2510,1583.5,746.5,2330
"648",2023,1,"CO",1250.29166666667,1491,448.592121914743,551,1810,838.5,833,1671.5
"649",2023,1,"CT",1568.38461538462,1194,930.464806647869,325,2527,1460,1067,2527
"650",2023,1,"DC",883,883,0,883,883,0,883,883
"651",2023,1,"FL",1301.42753623188,1102,676.899585946985,192,2724,1017.25,846,1863.25
"652",2023,1,"GA",978.243243243243,731,590.709949759393,406,2139,375,577,952
"653",2023,1,"IA",1229.8125,1252,199.40719437038,910,1447,320,1127,1447
"654",2023,1,"ID",755.916666666667,688,259.271166693846,523,1282,102.25,646.75,749
"655",2023,1,"IL",967.84375,802,500.661097399048,235,1855,682.25,622,1304.25
"656",2023,1,"IN",1198.09523809524,1020,574.306878311753,516,1943,1113,701,1814
"657",2023,1,"KY",688.166666666667,699,139.571313367581,495,910,81,648,729
"658",2023,1,"LA",1273.07142857143,1218,400.299015984054,488,1911,226.5,1053,1279.5
"659",2023,1,"MA",1310.21546961326,1142,791.667756478847,209,2704,1132,632,1764
"660",2023,1,"ME",493,493,0,493,493,0,493,493
"661",2023,1,"MI",1239.525,1118.5,594.290483556782,409,2079,1218,656,1874
"662",2023,1,"MN",1201.73333333333,1057,239.001036060715,936,1589,250,1057,1307
"663",2023,1,"MO",1147.12,1148,235.687526186686,738,1499,396,967,1363
"664",2023,1,"MS",888,888,0,888,888,0,888,888
"665",2023,1,"MT",1127.9375,908,462.961836980112,807,1902,295.5,861,1156.5
"666",2023,1,"NC",973.583333333333,608,740.491292730663,255,2400,644.75,500.5,1145.25
"667",2023,1,"ND",1159.5,1159.5,75.632885263841,1094,1225,131,1094,1225
"668",2023,1,"NE",1182.8,1113.5,184.126043785229,1025,1433,344.25,1028,1372.25
"669",2023,1,"NJ",955.5,955.5,60.1040764008565,913,998,42.5,934.25,976.75
"670",2023,1,"NM",1114.60869565217,896,533.219956246135,328,1861,993,677,1670
"671",2023,1,"NV",1266.66666666667,1984,979.691945303373,192,2282,1938,236,2174
"672",2023,1,"NY",1255.79057591623,1069,889.324390591078,222,2608,1878.5,325,2203.5
"673",2023,1,"OH",1181.5,990,643.636649332243,314,2187,1274,626,1900
"674",2023,1,"OK",1093.25,1180,173.5,833,1180,86.75,1093.25,1180
"675",2023,1,"OR",1012.18181818182,763.5,680.672261277575,471,2497,307.75,614.5,922.25
"676",2023,1,"PA",1443.06666666667,970,917.260787552238,210,2521,1376,878,2254
"677",2023,1,"SC",797.90243902439,643,553.441361161146,399,2206,288,472,760
"678",2023,1,"TN",853.435897435897,787,385.649267631654,464,1969,297,633.5,930.5
"679",2023,1,"TX",1056.30479452055,1105,429.826153114643,190,1944,679.25,715,1394.25
"680",2023,1,"UT",1325.71428571429,1865,679.827604197249,599,1888,1266,599,1865
"681",2023,1,"VA",1111.25,726.5,752.763053215097,662,2330,423.75,707,1130.75
"682",2023,1,"VT",353.5,353.5,95.8514475634041,266,441,175,266,441
"683",2023,1,"WA",1897.66666666667,2335,763.402296739188,728,2520,901.5,1433.5,2335
"684",2023,1,"WI",937.705882352941,819,306.506681147794,641,1463,298,777,1075
"685",2023,1,"WY",1894,1894,0,1894,1894,0,1894,1894
"686",2023,2,"AL",935.434782608696,682,490.671694172846,459,1815,305,597,902
"687",2023,2,"AR",1150.4,1159,163.798133601786,912,1371,165,1100,1265
"688",2023,2,"AZ",1146.92857142857,1034,602.539129116443,324,1999,1183.25,650,1833.25
"689",2023,2,"CA",1568.38955823293,1735,802.14169775522,263,2510,1588,742,2330
"690",2023,2,"CO",1188.40540540541,967,402.966669386733,551,1709,691,862,1553
"691",2023,2,"CT",1568.38461538462,1194,930.464806647869,325,2527,1460,1067,2527
"692",2023,2,"DC",883,883,0,883,883,0,883,883
"693",2023,2,"FL",1242.40163934426,1040.5,666.513497471237,192,2724,428.75,829.25,1258
"694",2023,2,"GA",973.421052631579,731,583.430471624926,406,2139,375,577,952
"695",2023,2,"IA",1182.3125,1150,211.190820112996,910,1447,410,1037,1447
"696",2023,2,"ID",854.785714285714,688,346.470595615809,523,1448,460.75,688,1148.75
"697",2023,2,"IL",943.047619047619,794,487.0712773545,235,1855,648,589,1237
"698",2023,2,"IN",1198.09523809524,1020,574.306878311753,516,1943,1113,701,1814
"699",2023,2,"KY",688.166666666667,699,139.571313367581,495,910,81,648,729
"700",2023,2,"LA",1273.07142857143,1218,400.299015984054,488,1911,226.5,1053,1279.5
"701",2023,2,"MA",1270.68586387435,1124,810.249783292433,209,2704,1134,625,1759
"702",2023,2,"ME",493,493,0,493,493,0,493,493
"703",2023,2,"MI",1196.33333333333,1092,631.189158957887,409,2079,1334,540,1874
"704",2023,2,"MN",1201.73333333333,1057,239.001036060715,936,1589,250,1057,1307
"705",2023,2,"MO",1147.12,1148,235.687526186686,738,1499,396,967,1363
"706",2023,2,"MS",888,888,0,888,888,0,888,888
"707",2023,2,"MT",908,908,0,908,908,0,908,908
"708",2023,2,"NC",953.711538461538,617,715.079382307663,255,2400,420,516,936
"709",2023,2,"ND",1225,1225,0,1225,1225,0,1225,1225
"710",2023,2,"NE",1182.8,1113.5,184.126043785229,1025,1433,344.25,1028,1372.25
"711",2023,2,"NJ",955.5,955.5,60.1040764008565,913,998,42.5,934.25,976.75
"712",2023,2,"NM",1114.60869565217,896,533.219956246135,328,1861,993,677,1670
"713",2023,2,"NV",1292.28571428571,1984,970.88912504039,192,2282,1938,236,2174
"714",2023,2,"NY",1213.58031088083,1056,852.875024443003,222,2619,1863,326,2189
"715",2023,2,"OH",1155.12,990,652.190299756731,314,2187,1381,519,1900
"716",2023,2,"OK",1093.25,1180,173.5,833,1180,86.75,1093.25,1180
"717",2023,2,"OR",1012.18181818182,763.5,680.672261277575,471,2497,307.75,614.5,922.25
"718",2023,2,"PA",1443.06666666667,970,917.260787552238,210,2521,1376,878,2254
"719",2023,2,"SC",778.954545454545,601,539.19698926707,370,2206,217.5,472,689.5
"720",2023,2,"TN",869.694444444444,787,397.412547033536,464,1969,390,612,1002
"721",2023,2,"TX",1052.49315068493,1102,429.9375363658,190,1944,679.25,715,1394.25
"722",2023,2,"UT",1325.71428571429,1865,679.827604197249,599,1888,1266,599,1865
"723",2023,2,"VA",1414.25,731,872.603432264623,662,2449,1633.75,726,2359.75
"724",2023,2,"VT",353.5,353.5,95.8514475634041,266,441,175,266,441
"725",2023,2,"WA",1570,1133,782.524759991657,728,2520,1327,1008,2335
"726",2023,2,"WI",829.928571428571,777,210.971549042743,641,1460,42,777,819
"727",2023,3,"AL",691.111111111111,641,144.30844779352,459,902,259.75,587.25,847
"728",2023,3,"AR",1211.15384615385,1159,111.876305321134,1125,1371,246,1125,1371
"729",2023,3,"AZ",1154.77777777778,1034,612.556580327535,324,1999,1203.5,649,1852.5
"730",2023,3,"CA",1553.73122529644,1670,802.496233792577,263,2510,1587,742,2329
"731",2023,3,"CO",1165.88571428571,967,402.407517429823,551,1709,682,847.5,1529.5
"732",2023,3,"CT",1813.13333333333,2527,948.252894739031,325,2625,1374.5,1152.5,2527
"733",2023,3,"DC",883,883,0,883,883,0,883,883
"734",2023,3,"FL",1206.34821428571,950.5,676.165709603518,192,2724,440.75,817.25,1258
"735",2023,3,"GA",973.421052631579,731,583.430471624926,406,2139,375,577,952
"736",2023,3,"IA",1142.61111111111,1093.5,229.577140409695,825,1447,456.5,941.75,1398.25
"737",2023,3,"ID",854.785714285714,688,346.470595615809,523,1448,460.75,688,1148.75
"738",2023,3,"IL",920.53642384106,773,493.581520113742,177,1855,636,581,1217
"739",2023,3,"IN",1198.09523809524,1020,574.306878311753,516,1943,1113,701,1814
"740",2023,3,"KY",688.166666666667,699,139.571313367581,495,910,81,648,729
"741",2023,3,"LA",1277.30769230769,1218,416.317664093055,488,1911,302,998,1300
"742",2023,3,"MA",1251.04926108374,1047,805.702815723206,192,2704,1134,625,1759
"743",2023,3,"ME",435.857142857143,393,53.4522483824849,393,493,100,393,493
"744",2023,3,"MI",1196.33333333333,1092,631.189158957887,409,2079,1334,540,1874
"745",2023,3,"MN",1187.84615384615,1057,255.014328405891,936,1589,249,1057,1306
"746",2023,3,"MO",1147.12,1148,235.687526186686,738,1499,396,967,1363
"747",2023,3,"MS",888,888,0,888,888,0,888,888
"748",2023,3,"MT",1244.125,1027,420.323406800463,807,1902,897,908,1805
"749",2023,3,"NC",942.264150943396,617,713.057046777718,255,2400,429,507,936
"750",2023,3,"ND",1225,1225,0,1225,1225,0,1225,1225
"751",2023,3,"NE",1181,1037,208.734965241298,1025,1433,408,1025,1433
"752",2023,3,"NJ",998,998,NA,998,998,0,998,998
"753",2023,3,"NM",1213.76923076923,1008.5,573.240773685355,328,1974,1184,677,1861
"754",2023,3,"NV",1374.25,2106,977.098411397519,192,2286,2046,236,2282
"755",2023,3,"NY",1258.23469387755,1056,890.470613702151,222,2619,1892.25,325.75,2218
"756",2023,3,"OH",1144.33858267717,990,653.243861955168,314,2187,1381,519,1900
"757",2023,3,"OK",1093.25,1180,173.5,833,1180,86.75,1093.25,1180
"758",2023,3,"OR",947.96,751,660.989061936731,471,2497,207,569,776
"759",2023,3,"PA",1443.06666666667,970,917.260787552238,210,2521,1376,878,2254
"760",2023,3,"SC",775.659574468085,638,519.474118558364,399,2206,185.5,480.5,666
"761",2023,3,"TN",858.428571428571,787,397.339185799021,464,1969,318.5,612,930.5
"762",2023,3,"TX",1053.09440559441,1103.5,432.220096836026,190,1944,675,715,1390
"763",2023,3,"UT",1325.71428571429,1865,679.827604197249,599,1888,1266,599,1865
"764",2023,3,"VA",1560.35714285714,1530.5,884.437118445125,662,2449,1711,726,2437
"765",2023,3,"VT",434.777777777778,441,202.953059707028,266,763,175,266,441
"766",2023,3,"WA",1463.9,1008,796.621679343463,728,2520,1545,790,2335
"767",2023,3,"WI",964.8,777,419.663975856374,641,1845,169,714,883
"768",2023,3,"WY",1894,1894,0,1894,1894,0,1894,1894
"769",2023,4,"AL",935.434782608696,682,490.671694172846,459,1815,305,597,902
"770",2023,4,"AR",1210,1159,121.538620872694,1100,1371,271,1100,1371
"771",2023,4,"AZ",1193.27586206897,1034,582.987680374106,304,1999,1163,651,1814
"772",2023,4,"CA",1543.26436781609,1670,804.758121230847,263,2510,1634,696,2330
"773",2023,4,"CO",1116.32352941176,883,401.067116017758,551,1709,708.25,833,1541.25
"774",2023,4,"CT",1766.5,2370,934.897142292491,325,2625,1427,1100,2527
"775",2023,4,"DC",883,883,0,883,883,0,883,883
"776",2023,4,"FL",1309.65625,1102,699.102094956973,192,2724,1159,842,2001
"777",2023,4,"GA",978.243243243243,731,590.709949759393,406,2139,375,577,952
"778",2023,4,"IA",1142.61111111111,1093.5,229.577140409695,825,1447,456.5,941.75,1398.25
"779",2023,4,"ID",854.785714285714,688,346.470595615809,523,1448,460.75,688,1148.75
"780",2023,4,"IL",936.496453900709,783,488.484911656345,235,1855,648,589,1237
"781",2023,4,"IN",1198.09523809524,1020,574.306878311753,516,1943,1113,701,1814
"782",2023,4,"KY",751.076923076923,699,263.262056241324,495,1506,30,699,729
"783",2023,4,"LA",1277.30769230769,1218,416.317664093055,488,1911,302,998,1300
"784",2023,4,"MA",1293.20320855615,1124,803.916790343442,209,2704,1132,632,1764
"785",2023,4,"ME",493,493,0,493,493,0,493,493
"786",2023,4,"MI",1197.19512195122,1092,615.219156866567,409,2079,1334,540,1874
"787",2023,4,"MN",1201.73333333333,1057,239.001036060715,936,1589,250,1057,1307
"788",2023,4,"MO",1151.25,1148,239.830782736133,738,1499,396,967,1363
"789",2023,4,"MS",888,888,0,888,888,0,888,888
"790",2023,4,"MT",908,908,0,908,908,0,908,908
"791",2023,4,"NC",982.063829787234,617,746.136961557598,255,2400,860.5,494,1354.5
"792",2023,4,"ND",1225,1225,0,1225,1225,0,1225,1225
"793",2023,4,"NE",1182.8,1113.5,184.126043785229,1025,1433,344.25,1028,1372.25
"794",2023,4,"NJ",998,998,NA,998,998,0,998,998
"795",2023,4,"NM",1114.60869565217,896,533.219956246135,328,1861,993,677,1670
"796",2023,4,"NV",1227.61538461538,1199,977.428302308587,192,2282,1933,236,2169
"797",2023,4,"NY",1247.51741293532,1063,865.464927622878,222,2608,1863,326,2189
"798",2023,4,"OH",1155.888,990,651.305924055414,314,2187,1381,519,1900
"799",2023,4,"OK",1093.25,1180,173.5,833,1180,86.75,1093.25,1180
"800",2023,4,"OR",1012.18181818182,763.5,680.672261277575,471,2497,307.75,614.5,922.25
"801",2023,4,"PA",1515.84615384615,2075,968.792190148283,210,2521,1376,878,2254
"802",2023,4,"SC",783.688888888889,638,529.68853722225,399,2206,194,472,666
"803",2023,4,"TN",866.72972972973,787,392.013084294719,464,1969,390,612,1002
"804",2023,4,"TX",1050.58305084746,1073,427.39482023629,190,1944,666,724,1390
"805",2023,4,"UT",1325.71428571429,1865,679.827604197249,599,1888,1266,599,1865
"806",2023,4,"VA",1168.86666666667,722,916.692257651441,324,2449,1837,493,2330
"807",2023,4,"VT",353.5,353.5,95.8514475634041,266,441,175,266,441
"808",2023,4,"WA",1710.25,1734,721.042449711329,1008,2520,1327,1008,2335
"809",2023,4,"WI",809.470588235294,777,195.547346455743,641,1460,105,714,819
