"","year","quarter","statecode1","mean.marketshare","median.marketshare","sd.marketshare","min.marketshare","max.marketshare","iqr.marketshare","q1.marketshare","q3.marketshare"
"1",2019,1,"AL",0.7176,0.75825,0.197323401551869,0.2694,0.9722,0.2873,0.6013,0.8886
"2",2019,1,"AR",0.658764285714286,0.6778,0.234609743410833,0.3317,1,0.42915,0.439925,0.869075
"3",2019,1,"AZ",0.6658,0.669,0.200917644819961,0.3686,1,0.2656,0.49,0.7556
"4",2019,1,"CA",0.641769960474308,0.6044,0.208711818784647,0.2768,1,0.3269,0.4804,0.8073
"5",2019,1,"CO",0.671795121951219,0.6435,0.18816594265597,0.3664,0.9928,0.2984,0.5294,0.8278
"6",2019,1,"CT",0.61238,0.5051,0.225916378967339,0.3487,0.9973,0.3148,0.46975,0.78455
"7",2019,1,"DC",0.6494,0.5909,0.253072894637099,0.4307,0.9266,0.24795,0.5108,0.75875
"8",2019,1,"FL",0.662239716312057,0.6744,0.207188093590421,0.2295,1,0.3432,0.5,0.8432
"9",2019,1,"GA",0.645471052631579,0.6131,0.161692418896471,0.3583,0.972,0.229525,0.53745,0.766975
"10",2019,1,"IA",0.630255,0.5917,0.220693553849056,0.3712,1,0.313425,0.44495,0.758375
"11",2019,1,"ID",0.69477,0.69715,0.205224370710043,0.3966,1,0.324325,0.533425,0.85775
"12",2019,1,"IL",0.755813740458015,0.7528,0.22930562566931,0.3437,1,0.44825,0.5373,0.98555
"13",2019,1,"IN",0.687345454545455,0.673,0.183458023555598,0.4203,1,0.2987,0.54245,0.84115
"14",2019,1,"KY",0.731653846153846,0.8324,0.199094033961278,0.3625,1,0.3483,0.5385,0.8868
"15",2019,1,"LA",0.658214285714286,0.65715,0.146917836049441,0.4092,0.867,0.254125,0.5422,0.796325
"16",2019,1,"MA",0.640522527472527,0.5969,0.208226409627849,0.2794,1,0.322425,0.4686,0.791025
"17",2019,1,"ME",0.807575,0.9478,0.296952503216704,0.3625,0.9722,0.157525,0.798925,0.95645
"18",2019,1,"MI",0.663722222222222,0.6453,0.193646241294988,0.3222,1,0.2915,0.5085,0.8
"19",2019,1,"MN",0.619392857142857,0.6658,0.157973422615158,0.3502,0.8378,0.26365,0.48725,0.7509
"20",2019,1,"MO",0.725077777777778,0.7247,0.151349159061813,0.4916,1,0.2674,0.5796,0.847
"21",2019,1,"MT",0.7629,0.7606,0.148816968118558,0.5603,1,0.26165,0.63105,0.8927
"22",2019,1,"NC",0.75946875,0.78885,0.1709468763522,0.3397,1,0.2964,0.6099,0.9063
"23",2019,1,"ND",0.7778,0.79795,0.244427568003284,0.5304,1,0.44565,0.55435,1
"24",2019,1,"NE",0.66679,0.65055,0.223240495380605,0.3551,1,0.27405,0.52315,0.7972
"25",2019,1,"NJ",1,1,NA,1,1,0,1,1
"26",2019,1,"NM",0.7316125,0.7534,0.213188981917147,0.4052,1,0.4153,0.551075,0.966375
"27",2019,1,"NV",0.667653333333333,0.6686,0.224171371843112,0.3018,1,0.3077,0.495325,0.803025
"28",2019,1,"NY",0.742507623318386,0.7778,0.213996921307318,0.2741,1,0.407,0.5577,0.9647
"29",2019,1,"OH",0.688761029411765,0.6848,0.211951205136778,0.2686,1,0.371325,0.5,0.871325
"30",2019,1,"OK",0.7193,0.73645,0.112322482166305,0.5676,0.8367,0.0901500000000001,0.6828,0.77295
"31",2019,1,"OR",0.660885714285714,0.6454,0.162709656399718,0.339,1,0.2139,0.549,0.7629
"32",2019,1,"PA",0.724415384615385,0.6958,0.210863296340519,0.413,1,0.3974,0.5724,0.9698
"33",2019,1,"SC",0.7539275,0.7885,0.177228524050672,0.3677,1,0.2857,0.62205,0.90775
"34",2019,1,"TN",0.705019047619048,0.6828,0.186503984444582,0.3361,1,0.325075,0.547,0.872075
"35",2019,1,"TX",0.829106896551724,0.9196,0.184421550413099,0.2876,1,0.287225,0.692275,0.9795
"36",2019,1,"UT",0.577314285714286,0.5908,0.036848854734416,0.5255,0.6129,0.0545,0.55075,0.60525
"37",2019,1,"VA",0.648533333333333,0.6582,0.225554527775436,0.3823,1,0.1951,0.4732,0.6683
"38",2019,1,"VT",0.92455,0.9741,0.113215382599463,0.7255,1,0.086775,0.9124,0.999175
"39",2019,1,"WA",0.543625,0.5247,0.0615988298049024,0.4928,0.6323,0.0506249999999999,0.50885,0.559475
"40",2019,1,"WI",0.709938461538462,0.69285,0.203040238528077,0.3665,1,0.327925,0.5545,0.882425
"41",2019,1,"WY",0.6943,0.685,0.2061960879034,0.4935,0.9137,0.3143,0.5325,0.8468
"42",2019,2,"AL",0.7265125,0.7932,0.20311197663936,0.2944,0.9706,0.3479,0.572425,0.920325
"43",2019,2,"AR",0.64035,0.66195,0.195189780559287,0.27,1,0.250525,0.506275,0.7568
"44",2019,2,"AZ",0.641159259259259,0.6718,0.20734216473345,0.3475,1,0.2993,0.4504,0.7497
"45",2019,2,"CA",0.6166921875,0.59415,0.197512543998513,0.2616,1,0.30105,0.4568,0.75785
"46",2019,2,"CO",0.630455172413793,0.5802,0.186986326058899,0.3558,0.9899,0.2637,0.4999,0.7636
"47",2019,2,"CT",0.639141176470588,0.5742,0.229862673837075,0.3463,0.9986,0.4293,0.461,0.8903
"48",2019,2,"DC",0.626533333333333,0.5591,0.263990422806081,0.4028,0.9177,0.25745,0.48095,0.7384
"49",2019,2,"FL",0.670794444444444,0.639,0.195417614888957,0.2236,1,0.317575,0.5201,0.837675
"50",2019,2,"GA",0.648873684210526,0.62495,0.160774773946074,0.3642,0.9664,0.24195,0.509825,0.751775
"51",2019,2,"IA",0.56021875,0.49585,0.185377115519509,0.2848,1,0.1938,0.44685,0.64065
"52",2019,2,"ID",0.68274,0.7008,0.228316024648098,0.3429,1,0.378925,0.4854,0.864325
"53",2019,2,"IL",0.753663945578231,0.7742,0.229345090210154,0.3302,1,0.44935,0.5352,0.98455
"54",2019,2,"IN",0.684845454545455,0.676,0.204015031489332,0.3478,1,0.353775,0.5093,0.863075
"55",2019,2,"KY",0.769014285714286,0.78575,0.14960601004558,0.5503,1,0.227,0.648675,0.875675
"56",2019,2,"LA",0.674128571428571,0.6382,0.158993456220308,0.4515,0.9385,0.258375,0.557975,0.81635
"57",2019,2,"MA",0.634480434782609,0.58155,0.212372562231756,0.306,1,0.353,0.46155,0.81455
"58",2019,2,"ME",0.973866666666667,0.9738,0.0062002688113769,0.9677,0.9801,0.00619999999999998,0.97075,0.97695
"59",2019,2,"MI",0.657982926829268,0.633,0.192107167880898,0.2823,1,0.2888,0.5117,0.8005
"60",2019,2,"MN",0.6269,0.61615,0.174116062087686,0.3709,0.8716,0.30225,0.488775,0.791025
"61",2019,2,"MO",0.713255555555556,0.7436,0.163287734084848,0.4731,1,0.28935,0.56175,0.8511
"62",2019,2,"MT",0.76834,0.7652,0.0884976440364375,0.6646,0.8917,0.102,0.7091,0.8111
"63",2019,2,"NC",0.764859615384615,0.7801,0.172744569744811,0.3255,1,0.3097,0.63135,0.94105
"64",2019,2,"ND",0.78965,0.78965,0.297479822845181,0.5793,1,0.21035,0.684475,0.894825
"65",2019,2,"NE",0.68333,0.6241,0.209147438956881,0.3794,1,0.218625,0.596025,0.81465
"66",2019,2,"NJ",1,1,NA,1,1,0,1,1
"67",2019,2,"NM",0.7244,0.7694,0.210300054866667,0.3313,1,0.33985,0.5496,0.88945
"68",2019,2,"NV",0.65007,0.63735,0.223726876516573,0.2913,1,0.31555,0.484825,0.800375
"69",2019,2,"NY",0.73427366255144,0.7273,0.213266058093822,0.2769,1,0.42265,0.54295,0.9656
"70",2019,2,"OH",0.684485810810811,0.66565,0.219843234502409,0.2857,1,0.376975,0.5087,0.885675
"71",2019,2,"OK",0.685457142857143,0.6893,0.130442539803839,0.5212,0.8467,0.2208,0.57485,0.79565
"72",2019,2,"OR",0.648236842105263,0.6215,0.191792796790142,0.3429,1,0.22395,0.51565,0.7396
"73",2019,2,"PA",0.738576923076923,0.7572,0.213198788903088,0.3981,1,0.3692,0.6095,0.9787
"74",2019,2,"SC",0.724232653061225,0.7393,0.196376285681931,0.3482,0.9824,0.3248,0.5886,0.9134
"75",2019,2,"TN",0.692217391304348,0.6558,0.204370122087189,0.332,1,0.374,0.52145,0.89545
"76",2019,2,"TX",0.821463513513514,0.9083,0.185317006874989,0.3028,1,0.3253,0.652025,0.977325
"77",2019,2,"UT",0.577614285714286,0.6028,0.0697933002651742,0.4654,0.6587,0.0803,0.53895,0.61925
"78",2019,2,"VA",0.621192857142857,0.58515,0.223945733345193,0.3642,1,0.342375,0.408875,0.75125
"79",2019,2,"VT",0.937222222222222,0.9865,0.111987050342638,0.665,1,0.0349,0.9651,1
"80",2019,2,"WA",0.677718181818182,0.5939,0.205088706749942,0.4194,0.9692,0.32105,0.55445,0.8755
"81",2019,2,"WI",0.737046428571429,0.76055,0.193400341801649,0.3788,1,0.3091,0.594025,0.903125
"82",2019,3,"AL",0.692726086956522,0.7619,0.216449778381187,0.2954,0.9843,0.33,0.5583,0.8883
"83",2019,3,"AR",0.653426315789474,0.6667,0.189445940228356,0.2564,1,0.18745,0.5434,0.73085
"84",2019,3,"AZ",0.635124,0.6605,0.194613482917637,0.3689,1,0.2744,0.4616,0.736
"85",2019,3,"CA",0.618493962264151,0.6058,0.196955873676133,0.2639,1,0.3053,0.4533,0.7586
"86",2019,3,"CO",0.625513793103448,0.609,0.20059089269338,0.3009,0.9915,0.2363,0.5025,0.7388
"87",2019,3,"CT",0.635311764705882,0.5858,0.24828787445814,0.2821,0.9964,0.524,0.3908,0.9148
"88",2019,3,"DC",0.6135,0.5045,0.232157618871318,0.4559,0.8801,0.2121,0.4802,0.6923
"89",2019,3,"FL",0.673311320754717,0.67475,0.200698956896122,0.3021,1,0.329975,0.5152,0.845175
"90",2019,3,"GA",0.649942105263158,0.6268,0.164948468007893,0.3695,0.9632,0.22405,0.515225,0.739275
"91",2019,3,"IA",0.590325,0.52545,0.219964650190282,0.2581,1,0.2931,0.44065,0.73375
"92",2019,3,"ID",0.662572727272727,0.7145,0.193211413176909,0.3652,0.9417,0.3192,0.5018,0.821
"93",2019,3,"IL",0.760104054054054,0.8186,0.23141268783776,0.3192,1,0.42705,0.558025,0.985075
"94",2019,3,"IN",0.666590909090909,0.6436,0.196049624206513,0.3472,1,0.34545,0.488975,0.834425
"95",2019,3,"KY",0.771853846153846,0.809,0.155568434112797,0.525,1,0.2487,0.6366,0.8853
"96",2019,3,"LA",0.650678571428571,0.62545,0.161997090090539,0.3779,0.9375,0.216575,0.536575,0.75315
"97",2019,3,"MA",0.635083076923077,0.583,0.208898281296491,0.2712,1,0.36475,0.46915,0.8339
"98",2019,3,"ME",0.8715625,0.9803,0.236062582122986,0.3333,1,0.0863499999999999,0.90495,0.9913
"99",2019,3,"MI",0.649212195121951,0.6471,0.191162573736495,0.3546,1,0.2704,0.508,0.7784
"100",2019,3,"MN",0.643842857142857,0.7083,0.175917903555064,0.38,0.8632,0.303825,0.4804,0.784225
"101",2019,3,"MO",0.700442307692308,0.71405,0.161342594929118,0.4642,1,0.289975,0.5607,0.850675
"102",2019,3,"MT",0.680552941176471,0.718,0.177702223247372,0.3347,0.9091,0.3184,0.5062,0.8246
"103",2019,3,"NC",0.749660784313726,0.7537,0.174773916908023,0.3094,1,0.27685,0.6257,0.90255
"104",2019,3,"NE",0.6618375,0.62765,0.173353404000531,0.4505,1,0.129875,0.5654,0.695275
"105",2019,3,"NJ",1,1,NA,1,1,0,1,1
"106",2019,3,"NM",0.736585185185185,0.797,0.222667625196258,0.3398,1,0.415,0.53375,0.94875
"107",2019,3,"NV",0.635426666666667,0.60785,0.215683471675562,0.3059,1,0.282575,0.498325,0.7809
"108",2019,3,"NY",0.736868936170213,0.7511,0.209090409464566,0.2407,1,0.39845,0.558,0.95645
"109",2019,3,"OH",0.682751369863014,0.657,0.217518626784261,0.2655,1,0.38025,0.5034,0.88365
"110",2019,3,"OK",0.666528571428571,0.6946,0.143243414209121,0.4856,0.853,0.22635,0.54495,0.7713
"111",2019,3,"OR",0.672359090909091,0.6484,0.178927624791199,0.3892,1,0.30325,0.50825,0.8115
"112",2019,3,"PA",0.748146153846154,0.7557,0.204930933956559,0.3935,1,0.3796,0.5996,0.9792
"113",2019,3,"SC",0.7459,0.785,0.196308545407478,0.3724,1,0.3455,0.5774,0.9229
"114",2019,3,"TN",0.714229545454545,0.73205,0.191488840623963,0.3542,1,0.350875,0.54525,0.896125
"115",2019,3,"TX",0.815232404181185,0.9102,0.196529814359836,0.3,1,0.3369,0.64295,0.97985
"116",2019,3,"UT",0.599542857142857,0.6239,0.0648082519731054,0.476,0.6632,0.0546500000000001,0.5811,0.63575
"117",2019,3,"VA",0.591229411764706,0.6598,0.191853898724739,0.3281,1,0.3222,0.384,0.7062
"118",2019,3,"VT",0.917463636363636,0.9903,0.129355496773251,0.6801,1,0.1344,0.8656,1
"119",2019,3,"WA",0.732385714285714,0.73045,0.23149186680228,0.3552,0.9818,0.4173,0.549925,0.967225
"120",2019,3,"WI",0.74447037037037,0.7658,0.186756826288203,0.4157,1,0.33605,0.56575,0.9018
"121",2019,3,"WY",0.602425,0.55455,0.176687169407779,0.4643,0.8363,0.224175,0.4664,0.690575
"122",2019,4,"AL",0.718491666666667,0.7723,0.205495938638946,0.2665,0.9739,0.35475,0.55635,0.9111
"123",2019,4,"AR",0.63816,0.65335,0.201505813942505,0.3785,1,0.276325,0.457975,0.7343
"124",2019,4,"AZ",0.663489655172414,0.6765,0.209856713607893,0.3465,1,0.3319,0.4593,0.7912
"125",2019,4,"CA",0.622770703125,0.59725,0.198218733511234,0.2828,1,0.308825,0.451275,0.7601
"126",2019,4,"CO",0.653118518518519,0.6611,0.204640937022418,0.3115,0.9873,0.33145,0.49305,0.8245
"127",2019,4,"CT",0.630882352941176,0.5556,0.235543701452868,0.3537,0.9987,0.3646,0.4181,0.7827
"128",2019,4,"DC",0.6142,0.4845,0.269566448208971,0.434,0.9241,0.24505,0.45925,0.7043
"129",2019,4,"FL",0.6857504,0.6838,0.191677735099576,0.221,1,0.3073,0.5413,0.8486
"130",2019,4,"GA",0.652197368421053,0.65555,0.164428121956632,0.3807,0.9726,0.252,0.495425,0.747425
"131",2019,4,"IA",0.613311111111111,0.5,0.225093122922332,0.3509,1,0.335625,0.4283,0.763925
"132",2019,4,"ID",0.705683333333333,0.7577,0.204214957306948,0.3363,1,0.302175,0.53965,0.841825
"133",2019,4,"IL",0.75553661971831,0.7668,0.227429256549354,0.343,1,0.44305,0.54135,0.9844
"134",2019,4,"IN",0.685236363636364,0.67435,0.190066132714892,0.3514,1,0.320325,0.53485,0.855175
"135",2019,4,"KY",0.764435714285714,0.81245,0.17865760380013,0.3956,1,0.2286,0.6661,0.8947
"136",2019,4,"LA",0.670221428571429,0.62135,0.160216647452377,0.4244,0.906,0.220525,0.5756,0.796125
"137",2019,4,"MA",0.633460540540541,0.5893,0.209348592454666,0.2682,1,0.3312,0.4756,0.8068
"138",2019,4,"ME",0.9777,0.9757,0.00426731765867039,0.9748,0.9826,0.00390000000000001,0.97525,0.97915
"139",2019,4,"MI",0.62563023255814,0.6136,0.209567989348251,0.2544,1,0.3241,0.47565,0.79975
"140",2019,4,"MN",0.618892857142857,0.57055,0.183439298131292,0.3756,0.8787,0.325575,0.475975,0.80155
"141",2019,4,"MO",0.700624,0.7267,0.154482583376466,0.4325,0.9044,0.2385,0.6044,0.8429
"142",2019,4,"NC",0.764729090909091,0.8088,0.172115772484822,0.3799,1,0.3195,0.6128,0.9323
"143",2019,4,"ND",0.67485,0.67485,0.459831539805612,0.3497,1,0.32515,0.512275,0.837425
"144",2019,4,"NE",0.6482,0.60195,0.188585289533864,0.3994,1,0.180775,0.5384,0.719175
"145",2019,4,"NJ",1,1,NA,1,1,0,1,1
"146",2019,4,"NM",0.7195,0.805,0.211137940692809,0.2963,0.999,0.3549,0.52545,0.88035
"147",2019,4,"NV",0.647616666666667,0.63835,0.220933695910121,0.2664,1,0.2575,0.52315,0.78065
"148",2019,4,"NY",0.743387136929461,0.7552,0.213463758537256,0.2614,1,0.4156,0.5556,0.9712
"149",2019,4,"OH",0.677888275862069,0.6597,0.216114337826919,0.2335,1,0.3846,0.49,0.8746
"150",2019,4,"OK",0.690628571428571,0.6899,0.143617149791679,0.524,0.8872,0.23715,0.56475,0.8019
"151",2019,4,"OR",0.60058,0.6195,0.195022283746998,0.2189,0.9167,0.246325,0.46855,0.714875
"152",2019,4,"PA",0.733753846153846,0.7036,0.211525721900768,0.3895,1,0.3418,0.6207,0.9625
"153",2019,4,"SC",0.738332608695652,0.7583,0.195401717329367,0.3269,1,0.3468,0.57075,0.91755
"154",2019,4,"TN",0.732455555555556,0.75,0.1780258938719,0.3714,1,0.2968,0.5633,0.8601
"155",2019,4,"TX",0.81545220338983,0.91,0.193035039610008,0.2561,1,0.3283,0.65195,0.98025
"156",2019,4,"UT",0.622542857142857,0.6076,0.0813191215140051,0.522,0.7284,0.132,0.55895,0.69095
"157",2019,4,"VA",0.675958823529412,0.6885,0.233714417235072,0.3508,1,0.3484,0.4606,0.809
"158",2019,4,"VT",0.922855555555556,0.9751,0.127056130421864,0.6728,1,0.0415,0.9585,1
"159",2019,4,"WA",0.725975,0.67945,0.196296450785309,0.4565,0.9679,0.376625,0.535925,0.91255
"160",2019,4,"WI",0.712657692307692,0.69425,0.185426949870998,0.3003,1,0.3256,0.557775,0.883375
"161",2020,1,"AL",0.692103846153846,0.7227,0.206610384019331,0.2901,0.9699,0.279,0.55565,0.83465
"162",2020,1,"AR",0.6789125,0.6501,0.159761379541043,0.5212,1,0.174175,0.566,0.740175
"163",2020,1,"AZ",0.661596551724138,0.6757,0.198379453290115,0.3412,1,0.2817,0.5073,0.789
"164",2020,1,"CA",0.622020849420849,0.5919,0.196615035340017,0.2726,1,0.2962,0.46655,0.76275
"165",2020,1,"CO",0.653264285714286,0.60495,0.203787154411498,0.3111,0.9959,0.29565,0.48485,0.7805
"166",2020,1,"CT",0.622782352941176,0.596,0.237477354802764,0.3081,0.9987,0.3398,0.434,0.7738
"167",2020,1,"DC",0.672233333333333,0.5535,0.243206421241984,0.5112,0.952,0.2204,0.53235,0.75275
"168",2020,1,"FL",0.66880652173913,0.64435,0.205465912851786,0.2564,1,0.344075,0.51285,0.856925
"169",2020,1,"GA",0.6536,0.66095,0.168991589427691,0.3658,0.9804,0.238,0.51645,0.75445
"170",2020,1,"IA",0.645958333333333,0.5811,0.246548735664921,0.3233,1,0.38655,0.45835,0.8449
"171",2020,1,"ID",0.675308333333333,0.6767,0.203857594941056,0.3743,1,0.3358,0.485175,0.820975
"172",2020,1,"IL",0.760019708029197,0.7366,0.224760398188898,0.3549,1,0.4487,0.5364,0.9851
"173",2020,1,"IN",0.6872,0.66665,0.181104521255124,0.3618,1,0.24245,0.572675,0.815125
"174",2020,1,"KY",0.753069230769231,0.8541,0.20028878893827,0.3416,1,0.2493,0.6649,0.9142
"175",2020,1,"LA",0.656857142857143,0.62745,0.139567677072868,0.4512,0.8689,0.222175,0.549375,0.77155
"176",2020,1,"MA",0.626925988700565,0.5734,0.212035249541256,0.2655,1,0.3459,0.4587,0.8046
"177",2020,1,"ME",0.854883333333333,0.97275,0.22319911663505,0.4321,1,0.1543,0.822925,0.977225
"178",2020,1,"MI",0.647935555555556,0.6373,0.200984117594532,0.3374,1,0.3155,0.5059,0.8214
"179",2020,1,"MN",0.686528571428571,0.7274,0.155904864623227,0.4199,0.8621,0.2206,0.59855,0.81915
"180",2020,1,"MO",0.685319230769231,0.69865,0.166314790729462,0.3948,1,0.26115,0.563,0.82415
"181",2020,1,"MT",0.645614285714286,0.6078,0.159384039627285,0.4767,1,0.218225,0.5181,0.736325
"182",2020,1,"NC",0.764939130434783,0.79065,0.167242827420704,0.3712,1,0.280275,0.631925,0.9122
"183",2020,1,"ND",0.781583333333333,0.8158,0.243380594268867,0.4908,1,0.416775,0.583225,1
"184",2020,1,"NE",0.67102,0.5714,0.220451046720128,0.4053,1,0.33695,0.516925,0.853875
"185",2020,1,"NJ",1,1,NA,1,1,0,1,1
"186",2020,1,"NM",0.741245833333333,0.77855,0.204018078864652,0.3991,1,0.347675,0.59015,0.937825
"187",2020,1,"NV",0.663037037037037,0.6774,0.236381014381684,0.2613,1,0.29475,0.49215,0.7869
"188",2020,1,"NY",0.735038356164384,0.7246,0.211760751899383,0.2769,1,0.42175,0.5404,0.96215
"189",2020,1,"OH",0.685533576642336,0.6667,0.211724542631587,0.2812,1,0.3509,0.5062,0.8571
"190",2020,1,"OK",0.663925,0.6724,0.131679873810187,0.5023,0.8086,0.150225,0.59305,0.743275
"191",2020,1,"OR",0.591184210526316,0.5688,0.196252992229582,0.2241,1,0.24,0.46895,0.70895
"192",2020,1,"PA",0.751213333333333,0.7105,0.205910361449785,0.4093,1,0.3457,0.63225,0.97795
"193",2020,1,"SC",0.777726086956522,0.839,0.194310467991342,0.3282,1,0.289425,0.63985,0.929275
"194",2020,1,"TN",0.7397225,0.78365,0.170572602013607,0.3706,1,0.286175,0.593875,0.88005
"195",2020,1,"TX",0.828491726618705,0.914,0.180469648547415,0.3636,1,0.290875,0.6874,0.978275
"196",2020,1,"UT",0.5773,0.5755,0.0929816827839405,0.4706,0.6838,0.1696,0.493,0.6626
"197",2020,1,"VA",0.704566666666667,0.7722,0.230565928749241,0.3498,1,0.2996,0.5191,0.8187
"198",2020,1,"VT",0.883785714285714,0.9714,0.176860693094607,0.5273,1,0.1318,0.85605,0.98785
"199",2020,1,"WA",0.770966666666667,0.77615,0.166389391780154,0.5103,0.9651,0.276575,0.663475,0.94005
"200",2020,1,"WI",0.685952380952381,0.6376,0.207175830199972,0.3561,1,0.3556,0.5131,0.8687
"201",2020,1,"WY",0.80498,0.902,0.207170449415719,0.483,1,0.330225,0.61455,0.944775
"202",2020,2,"AL",0.69045,0.6644,0.202142824435072,0.431,0.9934,0.3503,0.50775,0.85805
"203",2020,2,"AR",0.7250625,0.7364,0.241840318849915,0.3018,1,0.332375,0.5862,0.918575
"204",2020,2,"AZ",0.715423529411765,0.7462,0.216246325677418,0.3609,1,0.405375,0.500875,0.90625
"205",2020,2,"CA",0.703708139534884,0.69815,0.201704790188166,0.3212,1,0.3213,0.54165,0.86295
"206",2020,2,"CO",0.703808,0.6667,0.191437785629344,0.3397,1,0.3118,0.581,0.8928
"207",2020,2,"CT",0.685847058823529,0.6595,0.204985173603017,0.412,1,0.4003,0.5256,0.9259
"208",2020,2,"DC",0.8288,0.8429,0.0892889130855562,0.7333,0.9102,0.0884499999999999,0.7881,0.87655
"209",2020,2,"FL",0.722743697478992,0.7673,0.202247185829725,0.323,1,0.3761,0.53125,0.90735
"210",2020,2,"GA",0.636784210526316,0.57755,0.191612402304568,0.3237,1,0.241725,0.502725,0.74445
"211",2020,2,"IA",0.7446,0.7606,0.258449960340488,0.2162,1,0.39535,0.60465,1
"212",2020,2,"ID",0.71861875,0.7488,0.178773940005248,0.4318,1,0.249575,0.589625,0.8392
"213",2020,2,"IL",0.812478225806452,0.9589,0.216375013044477,0.3286,1,0.4071,0.5929,1
"214",2020,2,"IN",0.750077777777778,0.8174,0.230964005409656,0.2508,1,0.36955,0.6072,0.97675
"215",2020,2,"KY",0.759685714285714,0.8368,0.221562364400368,0.3841,1,0.34585,0.5894,0.93525
"216",2020,2,"LA",0.6758,0.6505,0.204956373406635,0.3725,1,0.3773,0.5,0.8773
"217",2020,2,"MA",0.73121226993865,0.7,0.184407815898808,0.3531,1,0.3508,0.579,0.9298
"218",2020,2,"ME",0.852966666666667,0.93555,0.21009052017325,0.461,1,0.1873,0.809875,0.997175
"219",2020,2,"MI",0.697164705882353,0.6814,0.188754347142158,0.4098,1,0.314775,0.5282,0.842975
"220",2020,2,"MN",0.665,0.66735,0.199461698305487,0.4149,1,0.29685,0.499725,0.796575
"221",2020,2,"MO",0.741822222222222,0.7381,0.180552198574973,0.3197,1,0.3031,0.5953,0.8984
"222",2020,2,"MT",0.71875,0.71875,0.397747564417433,0.4375,1,0.28125,0.578125,0.859375
"223",2020,2,"NC",0.834451428571429,0.8642,0.156669583690586,0.4318,1,0.1779,0.76975,0.94765
"224",2020,2,"ND",0.80785,0.8889,0.228595605819535,0.5217,1,0.39485,0.60515,1
"225",2020,2,"NE",0.727857142857143,0.737,0.228556483588797,0.3778,1,0.2689,0.6106,0.8795
"226",2020,2,"NM",0.770913636363636,0.7902,0.18508257435265,0.375,1,0.2139,0.6907,0.9046
"227",2020,2,"NV",0.78425,0.81685,0.202823757291248,0.4631,1,0.398325,0.58735,0.985675
"228",2020,2,"NY",0.740212598425197,0.7076,0.211473904349857,0.3889,1,0.4585,0.5415,1
"229",2020,2,"OH",0.7112875,0.6723,0.226536723630764,0.2519,1,0.42055,0.52985,0.9504
"230",2020,2,"OK",0.584354545454545,0.55,0.149863046570103,0.3311,0.86,0.1601,0.5121,0.6722
"231",2020,2,"OR",0.634695,0.55435,0.216410223211673,0.3729,1,0.312775,0.4732,0.785975
"232",2020,2,"PA",0.783907142857143,0.82795,0.194962215133267,0.3559,1,0.268825,0.64895,0.917775
"233",2020,2,"SC",0.755613043478261,0.7913,0.195326760536396,0.3678,1,0.26765,0.6266,0.89425
"234",2020,2,"TN",0.77600487804878,0.8138,0.205888572960254,0.3333,1,0.4004,0.5746,0.975
"235",2020,2,"TX",0.830937086092715,0.9152,0.186884723157407,0.3279,1,0.277425,0.706125,0.98355
"236",2020,2,"UT",0.6853,0.725,0.181886567215211,0.4171,0.9019,0.26665,0.55495,0.8216
"237",2020,2,"VA",0.715671428571429,0.8462,0.255276409295605,0.3915,1,0.5097,0.4591,0.9688
"238",2020,2,"WA",0.755342857142857,0.6969,0.180622607085814,0.523,1,0.22335,0.6552,0.87855
"239",2020,2,"WI",0.7618125,0.8355,0.238294803062649,0.3697,1,0.3556,0.628275,0.983875
"240",2020,3,"AL",0.719547368421053,0.7714,0.215430809641263,0.3216,1,0.3447,0.5508,0.8955
"241",2020,3,"AR",0.748022222222222,0.7073,0.207204734367834,0.4015,1,0.2716,0.6423,0.9139
"242",2020,3,"AZ",0.664239285714286,0.658,0.217767280369368,0.3399,1,0.3565,0.464275,0.820775
"243",2020,3,"CA",0.66539358490566,0.6404,0.204880537245547,0.2592,1,0.3133,0.5,0.8133
"244",2020,3,"CO",0.725719230769231,0.7455,0.227746631183393,0.2766,1,0.381225,0.5665,0.947725
"245",2020,3,"CT",0.673384615384615,0.5405,0.25913702889319,0.4103,1,0.5387,0.4494,0.9881
"246",2020,3,"DC",0.8781,0.9056,0.0587898800815242,0.8106,0.9181,0.0537500000000001,0.8581,0.91185
"247",2020,3,"FL",0.727193913043478,0.7484,0.1917484505699,0.3113,1,0.32425,0.57465,0.8989
"248",2020,3,"GA",0.657307894736842,0.63575,0.161379436014695,0.4101,1,0.1975,0.5336,0.7311
"249",2020,3,"IA",0.640983333333333,0.57645,0.202966364581709,0.4291,1,0.24145,0.48105,0.7225
"250",2020,3,"ID",0.677370588235294,0.7061,0.216602907888796,0.3682,1,0.3398,0.4906,0.8304
"251",2020,3,"IL",0.805737404580153,0.9674,0.218019614620717,0.3594,1,0.40615,0.5919,0.99805
"252",2020,3,"IN",0.720086363636364,0.7441,0.216327105263907,0.3738,1,0.36825,0.5359,0.90415
"253",2020,3,"KY",0.702963636363636,0.7541,0.234997464976656,0.3931,1,0.41545,0.46035,0.8758
"254",2020,3,"LA",0.733321428571429,0.76575,0.194534170138946,0.4168,1,0.352625,0.54975,0.902375
"255",2020,3,"MA",0.696694827586207,0.6592,0.205708161105353,0.2776,1,0.3856,0.5389,0.9245
"256",2020,3,"ME",0.969833333333333,0.9754,0.0187793326114996,0.9489,0.9852,0.0181499999999999,0.96215,0.9803
"257",2020,3,"MI",0.643879545454546,0.61235,0.218185612873317,0.2358,1,0.283375,0.498625,0.782
"258",2020,3,"MN",0.686821428571429,0.6744,0.198168421681277,0.3822,1,0.297175,0.53735,0.834525
"259",2020,3,"MO",0.714671428571429,0.7221,0.183993258445627,0.3,1,0.286625,0.56805,0.854675
"260",2020,3,"MT",0.632582608695652,0.6216,0.20231746577229,0.375,0.9714,0.36225,0.4458,0.80805
"261",2020,3,"NC",0.80498,0.8247,0.16724386875567,0.3476,1,0.2749,0.6807,0.9556
"262",2020,3,"ND",0.68205,0.68205,0.449649202156526,0.3641,1,0.31795,0.523075,0.841025
"263",2020,3,"NE",0.66039,0.57105,0.242281316975857,0.4007,1,0.4097,0.490225,0.899925
"264",2020,3,"NM",0.780095833333333,0.80945,0.203526756021577,0.4037,1,0.3452,0.646875,0.992075
"265",2020,3,"NV",0.719874074074074,0.7179,0.233924176723656,0.3118,1,0.40215,0.5389,0.94105
"266",2020,3,"NY",0.776435135135135,0.84985,0.228649954030638,0.2658,1,0.42265,0.57735,1
"267",2020,3,"OH",0.699184375,0.73105,0.229102363202135,0.2455,1,0.414425,0.4986,0.913025
"268",2020,3,"OK",0.657457142857143,0.6141,0.18626906038616,0.3709,0.975,0.1519,0.5846,0.7365
"269",2020,3,"OR",0.592473684210526,0.4865,0.206119835268778,0.3141,1,0.2843,0.44115,0.72545
"270",2020,3,"PA",0.72282,0.7821,0.185531092332855,0.3804,1,0.237075,0.5846,0.821675
"271",2020,3,"SC",0.773406818181818,0.79385,0.186981321536655,0.4573,1,0.377325,0.554625,0.93195
"272",2020,3,"TN",0.737788636363636,0.78855,0.218206953415851,0.2906,1,0.407225,0.525025,0.93225
"273",2020,3,"TX",0.839417725752508,0.9177,0.176312592827175,0.2864,1,0.2463,0.73365,0.97995
"274",2020,3,"UT",0.670557142857143,0.6287,0.139095301348187,0.5016,0.8734,0.15,0.59755,0.74755
"275",2020,3,"VA",0.74485,0.84795,0.258926678302646,0.3915,1,0.487075,0.50295,0.990025
"276",2020,3,"WA",0.4861,0.4732,0.123929065732512,0.3214,0.662,0.17485,0.3991,0.57395
"277",2020,3,"WI",0.666773333333333,0.6593,0.267866708502213,0.2537,1,0.4876,0.45385,0.94145
"278",2020,3,"WY",0.7242,0.6484,0.197707538827155,0.4851,1,0.316725,0.574825,0.89155
"279",2020,4,"AL",0.664364,0.5764,0.226558218934266,0.3328,1,0.4277,0.4818,0.9095
"280",2020,4,"AR",0.583083333333333,0.53865,0.158499557307479,0.4471,0.8462,0.20095,0.45715,0.6581
"281",2020,4,"AZ",0.669311428571429,0.6487,0.225479546185234,0.3357,1,0.35865,0.50845,0.8671
"282",2020,4,"CA",0.637786206896552,0.6094,0.214040896077441,0.2662,1,0.3536,0.4493,0.8029
"283",2020,4,"CO",0.731296296296296,0.7666,0.222701805597809,0.3246,1,0.37695,0.57415,0.9511
"284",2020,4,"CT",0.63815,0.5182,0.239564496914334,0.3726,1,0.34925,0.455425,0.804675
"285",2020,4,"DC",0.8084,0.8372,0.135416727179474,0.6609,0.9271,0.1331,0.74905,0.88215
"286",2020,4,"FL",0.684012781954887,0.6643,0.202357890057979,0.2239,1,0.3832,0.506,0.8892
"287",2020,4,"GA",0.65757027027027,0.6481,0.149775144178912,0.3965,1,0.1993,0.5561,0.7554
"288",2020,4,"IA",0.683230769230769,0.664,0.264190923338329,0.3719,1,0.5788,0.4212,1
"289",2020,4,"ID",0.71505,0.75315,0.210789620785202,0.3884,1,0.337325,0.51945,0.856775
"290",2020,4,"IL",0.7888890625,0.84165,0.217423294550716,0.3418,1,0.404375,0.590375,0.99475
"291",2020,4,"IN",0.704752,0.7303,0.216424908301548,0.3161,1,0.3345,0.5409,0.8754
"292",2020,4,"KY",0.687693333333333,0.6964,0.224425156046881,0.2924,1,0.3742,0.49205,0.86625
"293",2020,4,"LA",0.679376923076923,0.7771,0.209613271501934,0.3101,0.9583,0.35,0.5057,0.8557
"294",2020,4,"MA",0.670808383233533,0.6372,0.214386039436344,0.306,1,0.3969,0.4931,0.89
"295",2020,4,"ME",0.966233333333333,0.9783,0.0259931401206805,0.9364,0.984,0.0238,0.95735,0.98115
"296",2020,4,"MI",0.624857894736842,0.60445,0.208211015145406,0.3158,1,0.36285,0.44535,0.8082
"297",2020,4,"MN",0.678138461538462,0.6578,0.167522289753043,0.4097,1,0.2235,0.5665,0.79
"298",2020,4,"MO",0.729175,0.7422,0.188381161331075,0.4175,1,0.277425,0.584,0.861425
"299",2020,4,"MT",0.629811111111111,0.5617,0.230623266630041,0.3669,1,0.1798,0.5172,0.697
"300",2020,4,"NC",0.790397674418605,0.8285,0.174608601065043,0.3499,1,0.25895,0.6719,0.93085
"301",2020,4,"ND",0.85595,0.8921,0.162724549469341,0.6706,1,0.293275,0.706725,1
"302",2020,4,"NE",0.641785714285714,0.5263,0.250742732886196,0.4342,1,0.3305,0.46775,0.79825
"303",2020,4,"NM",0.718331818181818,0.69985,0.192076146572788,0.4148,0.999,0.3244,0.545,0.8694
"304",2020,4,"NV",0.682080769230769,0.6625,0.249208229429497,0.3334,1,0.4871,0.4357,0.9228
"305",2020,4,"NY",0.748880272108844,0.7722,0.220360096218451,0.2903,1,0.45105,0.53975,0.9908
"306",2020,4,"OH",0.688996666666667,0.7066,0.226762956578429,0.3059,1,0.4199,0.4911,0.911
"307",2020,4,"OK",0.549675,0.52105,0.127861340912725,0.4271,0.7295,0.082725,0.494,0.576725
"308",2020,4,"OR",0.591163636363636,0.61535,0.21448421530434,0.2779,1,0.328575,0.41225,0.740825
"309",2020,4,"PA",0.69337,0.71475,0.186295327370281,0.4116,1,0.232,0.58295,0.81495
"310",2020,4,"SC",0.7262575,0.7714,0.197636733437502,0.3732,1,0.34395,0.542425,0.886375
"311",2020,4,"TN",0.683883783783784,0.6614,0.209307107584251,0.3742,1,0.3438,0.5163,0.8601
"312",2020,4,"TX",0.837498717948718,0.90775,0.174181294836787,0.2866,1,0.253075,0.7234,0.976475
"313",2020,4,"UT",0.6212,0.5836,0.128554916929173,0.4911,0.886,0.08045,0.5567,0.63715
"314",2020,4,"VA",0.743966666666667,0.94265,0.285486987444262,0.3444,1,0.557375,0.442625,1
"315",2020,4,"WA",0.672842857142857,0.5718,0.215517608384581,0.4766,1,0.26835,0.5312,0.79955
"316",2020,4,"WI",0.641785714285714,0.6194,0.251806184915909,0.3704,1,0.40525,0.42305,0.8283
"317",2021,1,"AL",0.68217,0.7176,0.21257323963878,0.3641,0.9797,0.353575,0.4887,0.842275
"318",2021,1,"AR",0.55212,0.5361,0.0737896469702898,0.4655,0.6667,0.0405,0.5259,0.5664
"319",2021,1,"AZ",0.703885294117647,0.6625,0.221938644445702,0.3265,1,0.448625,0.5251,0.973725
"320",2021,1,"CA",0.63625243902439,0.58975,0.210568319356155,0.2624,1,0.3319,0.469975,0.801875
"321",2021,1,"CO",0.736065217391304,0.73075,0.206880204968309,0.3333,1,0.400725,0.552725,0.95345
"322",2021,1,"CT",0.683072727272727,0.6667,0.25483198422062,0.3521,1,0.45985,0.45925,0.9191
"323",2021,1,"DC",0.777766666666667,0.8901,0.24283808048437,0.4991,0.9441,0.2225,0.6946,0.9171
"324",2021,1,"FL",0.680423648648649,0.66985,0.210576306515022,0.262,1,0.36725,0.50175,0.869
"325",2021,1,"GA",0.667428947368421,0.66905,0.147654426550453,0.3938,1,0.13515,0.58155,0.7167
"326",2021,1,"IA",0.77843,0.8647,0.262051458263025,0.3395,1,0.361675,0.638325,1
"327",2021,1,"ID",0.723992857142857,0.7086,0.197248903533213,0.4312,1,0.33315,0.562675,0.895825
"328",2021,1,"IL",0.789802941176471,0.90985,0.222065103213809,0.2679,1,0.406475,0.585475,0.99195
"329",2021,1,"IN",0.679216,0.7108,0.221631126875265,0.2911,1,0.3897,0.4713,0.861
"330",2021,1,"KY",0.69861,0.6672,0.190212410215527,0.4104,1,0.233175,0.61155,0.844725
"331",2021,1,"LA",0.649423076923077,0.6538,0.175919906746632,0.3524,0.9434,0.3084,0.5036,0.812
"332",2021,1,"MA",0.690457692307692,0.6617,0.209071099200946,0.2627,1,0.374875,0.5164,0.891275
"333",2021,1,"ME",0.85715,0.85715,0.202020407384997,0.7143,1,0.14285,0.785725,0.928575
"334",2021,1,"MI",0.634497142857143,0.6475,0.220151880041289,0.2405,1,0.34695,0.45355,0.8005
"335",2021,1,"MN",0.6857,0.7144,0.155148955308546,0.4424,0.8912,0.2523,0.5556,0.8079
"336",2021,1,"MO",0.726735714285714,0.69955,0.17682615906336,0.3626,1,0.243925,0.616425,0.86035
"337",2021,1,"MT",0.741578947368421,0.6909,0.232749069884637,0.4111,1,0.44575,0.55425,1
"338",2021,1,"NC",0.77646976744186,0.7939,0.188475064076169,0.2977,1,0.32085,0.63275,0.9536
"339",2021,1,"ND",0.867116666666667,0.9016,0.151129830499034,0.6761,1,0.25665,0.74335,1
"340",2021,1,"NE",0.645485714285714,0.5646,0.250328400496704,0.395,1,0.2878,0.4958,0.7836
"341",2021,1,"NJ",1,1,NA,1,1,0,1,1
"342",2021,1,"NM",0.74414375,0.7278,0.169070841045009,0.4266,1,0.231925,0.648225,0.88015
"343",2021,1,"NV",0.706352173913044,0.6823,0.218754262025109,0.381,1,0.42815,0.49495,0.9231
"344",2021,1,"NY",0.734904635761589,0.7143,0.21809202746784,0.283,1,0.4396,0.55225,0.99185
"345",2021,1,"OH",0.680995614035088,0.68785,0.218770518386519,0.2474,1,0.379925,0.4804,0.860325
"346",2021,1,"OK",0.5025,0.47675,0.124119485443127,0.3926,0.6639,0.15505,0.4121,0.56715
"347",2021,1,"OR",0.636709523809524,0.6667,0.212037088512274,0.2967,1,0.2503,0.4711,0.7214
"348",2021,1,"PA",0.730955555555556,0.7031,0.199731670692902,0.3702,1,0.1672,0.6784,0.8456
"349",2021,1,"SC",0.746424242424242,0.8,0.199855863734191,0.3072,1,0.2932,0.6098,0.903
"350",2021,1,"SD",0.7682,0.7682,0.327814703758083,0.5364,1,0.2318,0.6523,0.8841
"351",2021,1,"TN",0.700678787878788,0.672,0.206616567821859,0.307,1,0.3532,0.5357,0.8889
"352",2021,1,"TX",0.837474917491749,0.9106,0.175794906365014,0.2534,1,0.2401,0.73565,0.97575
"353",2021,1,"UT",0.632514285714286,0.6365,0.12804951423273,0.495,0.8897,0.0883,0.55745,0.64575
"354",2021,1,"VA",0.745581818181818,0.9828,0.296192477346005,0.329,1,0.5643,0.4357,1
"355",2021,1,"WA",0.702585714285714,0.6518,0.21776382029293,0.4704,1,0.32455,0.5367,0.86125
"356",2021,1,"WI",0.69632,0.72755,0.238939010349224,0.3395,1,0.371625,0.484925,0.85655
"357",2021,1,"WY",0.741,0.8444,0.227186454261692,0.4194,1,0.4205,0.5,0.9205
"358",2021,2,"AL",0.676369230769231,0.64755,0.197282582645769,0.3467,1,0.3168,0.528875,0.845675
"359",2021,2,"AR",0.55378,0.5525,0.111566872323284,0.3767,0.6761,0.0616,0.551,0.6126
"360",2021,2,"AZ",0.674472413793103,0.6729,0.219165134897592,0.3404,1,0.3543,0.4914,0.8457
"361",2021,2,"CA",0.64094214559387,0.6131,0.199891107629191,0.2106,1,0.3056,0.4706,0.7762
"362",2021,2,"CO",0.705333333333333,0.7116,0.207518015282208,0.2962,1,0.3722,0.511,0.8832
"363",2021,2,"CT",0.64638,0.5857,0.239083369201146,0.3636,1,0.4475,0.42965,0.87715
"364",2021,2,"DC",0.8425,0.8839,0.107929189749576,0.72,0.9236,0.1018,0.80195,0.90375
"365",2021,2,"FL",0.678072463768116,0.68055,0.205455556764874,0.2387,1,0.35475,0.507875,0.862625
"366",2021,2,"GA",0.67215,0.637,0.152017006072134,0.3668,1,0.1891,0.5746,0.7637
"367",2021,2,"IA",0.6608,0.6078,0.267939668582313,0.2768,1,0.41675,0.47775,0.8945
"368",2021,2,"ID",0.695733333333333,0.7069,0.171471462419385,0.4745,1,0.212775,0.553475,0.76625
"369",2021,2,"IL",0.768533566433566,0.8032,0.226032518520544,0.317,1,0.44625,0.5366,0.98285
"370",2021,2,"IN",0.6945625,0.7026,0.206495734901738,0.33,1,0.350575,0.53045,0.881025
"371",2021,2,"KY",0.740425,0.74965,0.202081255934339,0.3869,1,0.300125,0.584875,0.885
"372",2021,2,"LA",0.658971428571429,0.6279,0.185436032630668,0.3574,1,0.2408,0.52115,0.76195
"373",2021,2,"MA",0.644009604519774,0.5668,0.203361361274707,0.3049,1,0.3233,0.4844,0.8077
"374",2021,2,"ME",0.966866666666667,0.9549,0.0228368853684852,0.9525,0.9932,0.02035,0.9537,0.97405
"375",2021,2,"MI",0.667341025641026,0.6709,0.207437362413901,0.316,1,0.34355,0.4887,0.83225
"376",2021,2,"MN",0.688121428571429,0.6281,0.150909734500571,0.4721,1,0.1538,0.6216,0.7754
"377",2021,2,"MO",0.704164285714286,0.7062,0.185591888420855,0.265,1,0.25825,0.58535,0.8436
"378",2021,2,"MT",0.636728571428571,0.5316,0.193734618437058,0.4676,1,0.20935,0.5098,0.71915
"379",2021,2,"NC",0.761460869565217,0.7424,0.183051131263931,0.3414,1,0.293925,0.633525,0.92745
"380",2021,2,"ND",0.7218,0.7218,0.393434213052195,0.4436,1,0.2782,0.5827,0.8609
"381",2021,2,"NE",0.6498,0.6144,0.246376550110688,0.3028,1,0.30815,0.496475,0.804625
"382",2021,2,"NJ",1,1,NA,1,1,0,1,1
"383",2021,2,"NM",0.7186,0.6917,0.204467120775593,0.4052,1,0.362525,0.54265,0.905175
"384",2021,2,"NV",0.689575,0.72345,0.235241393595748,0.3074,1,0.41895,0.48315,0.9021
"385",2021,2,"NY",0.735918,0.7156,0.224683870995288,0.273,1,0.444225,0.54365,0.987875
"386",2021,2,"OH",0.70188125,0.6822,0.221280837968335,0.263,1,0.356875,0.538175,0.89505
"387",2021,2,"OK",0.55905,0.56395,0.115274411731312,0.4146,0.6937,0.10015,0.511425,0.611575
"388",2021,2,"OR",0.602573684210526,0.6077,0.178489821814097,0.2637,1,0.23045,0.4944,0.72485
"389",2021,2,"PA",0.687141666666667,0.67145,0.212660290169913,0.308,1,0.2743,0.54305,0.81735
"390",2021,2,"SC",0.752579591836735,0.8294,0.188777459348735,0.3672,1,0.2898,0.6198,0.9096
"391",2021,2,"TN",0.712561904761905,0.6654,0.211659209467438,0.3167,1,0.364175,0.5607,0.924875
"392",2021,2,"TX",0.817588118811881,0.9051,0.189475543488399,0.2792,1,0.3057,0.66945,0.97515
"393",2021,2,"UT",0.619242857142857,0.5931,0.0878976271417088,0.5313,0.7913,0.0850000000000001,0.56225,0.64725
"394",2021,2,"VA",0.736954545454545,0.9907,0.3057078846338,0.3223,1,0.553,0.447,1
"395",2021,2,"WA",0.59865,0.5731,0.124337243012703,0.4763,0.7721,0.0786,0.546575,0.625175
"396",2021,2,"WI",0.740363636363636,0.7729,0.187723676038625,0.4253,1,0.2267,0.6372,0.8639
"397",2021,2,"WV",1,1,0,1,1,0,1,1
"398",2021,3,"AL",0.681526923076923,0.69755,0.194861005966186,0.3791,1,0.33025,0.530325,0.860575
"399",2021,3,"AR",0.5747,0.5904,0.181817160906225,0.3078,0.8108,0.0989,0.5328,0.6317
"400",2021,3,"AZ",0.649625925925926,0.6326,0.22302463229358,0.3305,1,0.35515,0.4426,0.79775
"401",2021,3,"CA",0.638182971014493,0.6046,0.204944266747317,0.1958,1,0.332975,0.4722,0.805175
"402",2021,3,"CO",0.673597222222222,0.6323,0.207073625948579,0.3061,1,0.325925,0.5314,0.857325
"403",2021,3,"CT",0.65338,0.551,0.230752641835984,0.396,1,0.39025,0.4721,0.86235
"404",2021,3,"DC",0.786733333333333,0.8036,0.13131493949027,0.6478,0.9088,0.1305,0.7257,0.8562
"405",2021,3,"FL",0.698940151515152,0.7022,0.202907626807793,0.2559,1,0.343225,0.5219,0.865125
"406",2021,3,"GA",0.673768421052632,0.6589,0.163220482791974,0.4103,1,0.240925,0.546425,0.78735
"407",2021,3,"IA",0.632257142857143,0.5728,0.27456017055055,0.3032,1,0.4316,0.40545,0.83705
"408",2021,3,"ID",0.687611111111111,0.66965,0.192431704887089,0.3982,1,0.264275,0.534775,0.79905
"409",2021,3,"IL",0.764806293706294,0.7805,0.226504998613121,0.3463,1,0.4502,0.5354,0.9856
"410",2021,3,"IN",0.687,0.74255,0.203893130270317,0.4004,1,0.353125,0.5012,0.854325
"411",2021,3,"KY",0.740823076923077,0.7375,0.212852472986363,0.2775,1,0.3133,0.6,0.9133
"412",2021,3,"LA",0.676935714285714,0.67685,0.180962986471067,0.4048,1,0.254475,0.52215,0.776625
"413",2021,3,"MA",0.620270157068063,0.5628,0.20915558827034,0.2821,1,0.2961,0.46565,0.76175
"414",2021,3,"ME",0.976566666666667,0.9867,0.0221156807115072,0.9512,0.9918,0.0203,0.96895,0.98925
"415",2021,3,"MI",0.681611627906977,0.6662,0.199117973178026,0.3267,1,0.2643,0.5714,0.8357
"416",2021,3,"MN",0.666021428571429,0.62675,0.177282530609591,0.4265,1,0.21585,0.5355,0.75135
"417",2021,3,"MO",0.692578571428571,0.6758,0.199517605938336,0.2921,1,0.29445,0.55625,0.8507
"418",2021,3,"MS",0.6237,0.5981,0.127541679462049,0.5109,0.7621,0.1256,0.5545,0.6801
"419",2021,3,"MT",0.598176,0.554,0.240748854756708,0.2929,1,0.4527,0.3883,0.841
"420",2021,3,"NC",0.766945098039216,0.8077,0.190190164113421,0.3587,1,0.3369,0.60435,0.94125
"421",2021,3,"ND",0.72255,0.72255,0.392373552880415,0.4451,1,0.27745,0.583825,0.861275
"422",2021,3,"NE",0.62974,0.58475,0.260768723414276,0.2953,1,0.379425,0.43025,0.809675
"423",2021,3,"NM",0.693488888888889,0.6566,0.198418951353973,0.379,1,0.2784,0.5641,0.8425
"424",2021,3,"NV",0.668788888888889,0.6511,0.234918647675405,0.2662,1,0.3921,0.4855,0.8776
"425",2021,3,"NY",0.743629032258065,0.7568,0.225427051589668,0.2615,1,0.4421,0.5417,0.9838
"426",2021,3,"OH",0.705862773722628,0.7472,0.218362002124137,0.2765,1,0.3963,0.5122,0.9085
"427",2021,3,"OK",0.538675,0.54305,0.0615347801382817,0.4622,0.6064,0.067625,0.50705,0.574675
"428",2021,3,"OR",0.61616,0.5938,0.195582601901771,0.295,1,0.3084,0.4495,0.7579
"429",2021,3,"PA",0.670516666666667,0.63955,0.225433948533745,0.3694,1,0.366125,0.496125,0.86225
"430",2021,3,"SC",0.767852380952381,0.8018,0.173533383641578,0.3314,1,0.265875,0.6506,0.916475
"431",2021,3,"TN",0.694378378378378,0.6409,0.209196454897643,0.3935,1,0.3926,0.5008,0.8934
"432",2021,3,"TX",0.813994,0.8878,0.189217388642134,0.3386,1,0.306925,0.66655,0.973475
"433",2021,3,"UT",0.597071428571429,0.6126,0.0718545687317032,0.4629,0.6891,0.06115,0.57315,0.6343
"434",2021,3,"VA",0.747755555555556,0.9932,0.297802061406193,0.3894,1,0.5512,0.4488,1
"435",2021,3,"VT",0.955666666666667,0.9709,0.034012693708869,0.9167,0.9794,0.03135,0.9438,0.97515
"436",2021,3,"WA",0.61145,0.6066,0.126952944038333,0.47,0.7626,0.15145,0.5333,0.68475
"437",2021,3,"WI",0.71777,0.76345,0.199522459097242,0.2904,1,0.281775,0.578775,0.86055
"438",2021,3,"WY",0.69887,0.7297,0.198506070716014,0.4,1,0.25415,0.531525,0.785675
"439",2021,4,"AL",0.7042,0.7342,0.194151690929822,0.3122,0.966,0.27395,0.6116,0.88555
"440",2021,4,"AR",0.6308,0.60835,0.124473843749511,0.4753,0.8,0.219425,0.521025,0.74045
"441",2021,4,"AZ",0.705102941176471,0.6488,0.241011461421531,0.3288,1,0.478475,0.521525,1
"442",2021,4,"CA",0.635250381679389,0.59885,0.209632213193209,0.2643,1,0.371,0.457325,0.828325
"443",2021,4,"CO",0.68018,0.6458,0.202481776667316,0.3796,1,0.34805,0.5043,0.85235
"444",2021,4,"CT",0.66255,0.59605,0.241651227160624,0.3606,1,0.47685,0.42345,0.9003
"445",2021,4,"DC",0.804233333333333,0.9094,0.20436663948241,0.5687,0.9346,0.18295,0.73905,0.922
"446",2021,4,"FL",0.662705882352941,0.65495,0.204805233499648,0.2603,1,0.3323,0.514675,0.846975
"447",2021,4,"GA",0.664910810810811,0.6317,0.157343775754775,0.4224,0.9737,0.2371,0.557,0.7941
"448",2021,4,"IA",0.6026125,0.5573,0.227183590589931,0.2771,1,0.36975,0.4088,0.77855
"449",2021,4,"ID",0.68645,0.6689,0.205502605601707,0.4367,1,0.3497,0.497075,0.846775
"450",2021,4,"IL",0.766931060606061,0.73885,0.219362682058236,0.3595,1,0.429025,0.5542,0.983225
"451",2021,4,"IN",0.673480952380952,0.7099,0.204910823577105,0.3641,1,0.3128,0.5148,0.8276
"452",2021,4,"KY",0.735738461538462,0.7817,0.202188441552518,0.3512,1,0.328,0.5802,0.9082
"453",2021,4,"LA",0.6782,0.65365,0.188116261105487,0.4518,1,0.2781,0.522275,0.800375
"454",2021,4,"MA",0.61612311827957,0.5674,0.206875544915966,0.2954,1,0.28595,0.46405,0.75
"455",2021,4,"ME",0.967766666666667,0.9676,0.0175505935322237,0.9503,0.9854,0.0175500000000001,0.95895,0.9765
"456",2021,4,"MI",0.629317073170732,0.6063,0.209254407244434,0.258,1,0.3203,0.4674,0.7877
"457",2021,4,"MN",0.68218,0.6488,0.150692303339335,0.4732,0.9731,0.24585,0.56685,0.8127
"458",2021,4,"MO",0.67562,0.6923,0.1968851441831,0.3066,1,0.3595,0.5064,0.8659
"459",2021,4,"MS",0.636,0.6267,0.188921756290799,0.4519,0.8294,0.18875,0.5393,0.72805
"460",2021,4,"MT",0.57084,0.5305,0.105397594849218,0.4568,0.723,0.1153,0.5143,0.6296
"461",2021,4,"NC",0.7597,0.78375,0.181002154683308,0.3684,1,0.3335,0.599275,0.932775
"462",2021,4,"ND",0.8196,0.8323,0.209337813115548,0.6138,1,0.3481,0.6519,1
"463",2021,4,"NE",0.637971428571429,0.5963,0.268068210935735,0.3741,1,0.4116,0.41805,0.82965
"464",2021,4,"NM",0.703886956521739,0.685,0.203669800288131,0.3462,0.9992,0.3039,0.5844,0.8883
"465",2021,4,"NV",0.714962962962963,0.6621,0.248387044670438,0.3011,1,0.4436,0.54205,0.98565
"466",2021,4,"NY",0.702568095238095,0.6667,0.230287374829633,0.2779,1,0.438925,0.51255,0.951475
"467",2021,4,"OH",0.689180327868852,0.7154,0.217710228461483,0.283,1,0.358825,0.50605,0.864875
"468",2021,4,"OK",0.45414,0.4502,0.117694405134654,0.3076,0.6297,0.0746,0.4043,0.4789
"469",2021,4,"OR",0.622172727272727,0.6513,0.229834953580707,0.2545,1,0.31805,0.46845,0.7865
"470",2021,4,"PA",0.723046153846154,0.7204,0.225534692879627,0.4226,1,0.4406,0.5161,0.9567
"471",2021,4,"SC",0.749902,0.8108,0.174109406713487,0.374,1,0.274625,0.614425,0.88905
"472",2021,4,"TN",0.695895121951219,0.6975,0.206439292470231,0.3272,1,0.3848,0.5175,0.9023
"473",2021,4,"TX",0.821741721854305,0.89605,0.184917898045655,0.3036,1,0.308375,0.667825,0.9762
"474",2021,4,"UT",0.6424,0.6761,0.0763136291890249,0.5114,0.7177,0.0878,0.604,0.6918
"475",2021,4,"VA",0.738233333333333,0.9906,0.309783819784055,0.3365,1,0.5909,0.401,0.9919
"476",2021,4,"VT",0.886183333333333,0.95605,0.140290604342082,0.6793,0.9987,0.192525,0.790375,0.9829
"477",2021,4,"WA",0.5759,0.57385,0.156530401732912,0.3868,0.7691,0.1171,0.516325,0.633425
"478",2021,4,"WI",0.695857894736842,0.7592,0.199986408748721,0.352,1,0.31815,0.52905,0.8472
"479",2022,1,"AL",0.708372,0.7409,0.184587419488256,0.3787,0.9688,0.2732,0.5646,0.8378
"480",2022,1,"AR",0.61575,0.61625,0.0594045172244222,0.5556,0.6749,0.0923,0.56985,0.66215
"481",2022,1,"AZ",0.709266666666667,0.6927,0.22896860410691,0.3312,1,0.4776,0.5224,1
"482",2022,1,"CA",0.643576356589147,0.6218,0.216150362941873,0.2489,1,0.358625,0.461375,0.82
"483",2022,1,"CO",0.71,0.6967,0.203678390990605,0.3053,1,0.3349,0.5639,0.8988
"484",2022,1,"CT",0.627371428571429,0.5584,0.253236859112545,0.3342,1,0.4547,0.409175,0.863875
"485",2022,1,"DC",0.793166666666667,0.8956,0.217648807332669,0.5432,0.9407,0.19875,0.7194,0.91815
"486",2022,1,"FL",0.649446043165468,0.6462,0.208802424213462,0.2386,1,0.36995,0.4638,0.83375
"487",2022,1,"GA",0.684076315789474,0.69335,0.161156134522294,0.4064,1,0.2465,0.55875,0.80525
"488",2022,1,"IA",0.6574,0.6458,0.256041182513394,0.3548,1,0.4743,0.42355,0.89785
"489",2022,1,"ID",0.663541666666667,0.57345,0.210697915847367,0.423,1,0.336825,0.49985,0.836675
"490",2022,1,"IL",0.765370634920635,0.82255,0.232632956243937,0.2986,1,0.4252,0.562175,0.987375
"491",2022,1,"IN",0.672608695652174,0.681,0.199845010202324,0.4003,1,0.33875,0.49955,0.8383
"492",2022,1,"KY",0.740446153846154,0.7934,0.173196889961418,0.4882,1,0.2846,0.5817,0.8663
"493",2022,1,"LA",0.647476923076923,0.6248,0.140301402664918,0.4678,0.9176,0.1886,0.5257,0.7143
"494",2022,1,"MA",0.618365573770492,0.5603,0.213710024256382,0.3,1,0.30665,0.4523,0.75895
"495",2022,1,"ME",0.8134,0.9598,0.264969953013545,0.3715,1,0.297175,0.68735,0.984525
"496",2022,1,"MI",0.6407125,0.63405,0.195856152325747,0.2728,1,0.31065,0.458125,0.768775
"497",2022,1,"MN",0.679626666666667,0.6968,0.152923078080203,0.4746,0.9611,0.25525,0.5376,0.79285
"498",2022,1,"MO",0.666716,0.6875,0.197386308373538,0.2788,1,0.3283,0.5241,0.8524
"499",2022,1,"MT",0.646394444444444,0.5908,0.22319928703297,0.2877,1,0.35095,0.506375,0.857325
"500",2022,1,"NC",0.752985714285714,0.7583,0.176973514032438,0.3612,1,0.299475,0.62365,0.923125
"501",2022,1,"ND",0.8612,0.90725,0.177037265380296,0.6303,1,0.23155,0.76845,1
"502",2022,1,"NE",0.644585714285714,0.6108,0.265950317594417,0.3837,1,0.4199,0.41945,0.83935
"503",2022,1,"NJ",1,1,0,1,1,0,1,1
"504",2022,1,"NM",0.717186956521739,0.7262,0.220290063540918,0.3564,1,0.3534,0.55775,0.91115
"505",2022,1,"NV",0.702539285714286,0.7118,0.261628828600799,0.2927,1,0.52275,0.471425,0.994175
"506",2022,1,"NY",0.702587830687831,0.6644,0.22971071935189,0.2759,1,0.4529,0.5,0.9529
"507",2022,1,"OH",0.684658974358974,0.6825,0.219797477376352,0.2425,1,0.3813,0.4987,0.88
"508",2022,1,"OK",0.459675,0.46175,0.119135311725785,0.323,0.5922,0.151675,0.384875,0.53655
"509",2022,1,"OR",0.632059090909091,0.6173,0.233119386252524,0.289,1,0.4349,0.402,0.8369
"510",2022,1,"PA",0.710884615384615,0.6681,0.239361601787455,0.3651,1,0.4083,0.5402,0.9485
"511",2022,1,"SC",0.720805128205128,0.743,0.181514053318075,0.3287,0.955,0.27415,0.613,0.88715
"512",2022,1,"TN",0.695018918918919,0.7009,0.213927196647517,0.312,1,0.3579,0.5108,0.8687
"513",2022,1,"TX",0.824916151202749,0.8961,0.184302208474516,0.2993,1,0.29395,0.6868,0.98075
"514",2022,1,"UT",0.630714285714286,0.6718,0.0837391272259953,0.5124,0.7002,0.1202,0.57255,0.69275
"515",2022,1,"VA",0.719466666666667,0.9916,0.335580336879264,0.3136,1,0.6763,0.3237,1
"516",2022,1,"VT",0.893525,0.9917,0.201982662209739,0.5907,1,0.111475,0.886875,0.99835
"517",2022,1,"WA",0.66542,0.618,0.211049548684663,0.4446,0.9914,0.1961,0.5385,0.7346
"518",2022,1,"WI",0.716405555555556,0.72765,0.197726026946445,0.4048,1,0.35615,0.5343,0.89045
"519",2022,1,"WY",0.719188888888889,0.7281,0.20425110430818,0.4043,1,0.2758,0.5878,0.8636
"520",2022,2,"AL",0.695704347826087,0.7606,0.21252295593281,0.3062,0.9725,0.36545,0.5029,0.86835
"521",2022,2,"AR",0.64645,0.6471,0.164119382822937,0.4022,1,0.183625,0.55125,0.734875
"522",2022,2,"AZ",0.703465625,0.70465,0.242007767949675,0.3288,1,0.519525,0.480475,1
"523",2022,2,"CA",0.649178294573643,0.62705,0.21838258969146,0.2427,1,0.374825,0.46,0.834825
"524",2022,2,"CO",0.680678787878788,0.6482,0.216279946998063,0.2584,1,0.3289,0.502,0.8309
"525",2022,2,"CT",0.581346666666667,0.407,0.26547467155662,0.3439,1,0.43145,0.3795,0.81095
"526",2022,2,"DC",0.7125,0.7489,0.189145367376523,0.5078,0.8808,0.1865,0.62835,0.81485
"527",2022,2,"FL",0.650072,0.6292,0.202476029485292,0.2471,1,0.3217,0.4878,0.8095
"528",2022,2,"GA",0.670018421052632,0.62245,0.175288618916813,0.4035,1,0.25005,0.521675,0.771725
"529",2022,2,"IA",0.619668421052632,0.527,0.248654456922389,0.3187,1,0.4004,0.42355,0.82395
"530",2022,2,"ID",0.676707142857143,0.63495,0.210053522352631,0.3827,1,0.35655,0.517425,0.873975
"531",2022,2,"IL",0.757359154929578,0.76145,0.217214228389587,0.3023,1,0.411125,0.57115,0.982275
"532",2022,2,"IN",0.689109523809524,0.7197,0.207494141856492,0.3707,1,0.3412,0.4891,0.8303
"533",2022,2,"KY",0.757841666666667,0.8249,0.190451847688277,0.4442,1,0.2753,0.625425,0.900725
"534",2022,2,"LA",0.677264285714286,0.6701,0.165319460472713,0.3618,1,0.1705,0.58625,0.75675
"535",2022,2,"MA",0.598565968586387,0.5318,0.220706596958565,0.2371,1,0.3257,0.4255,0.7512
"536",2022,2,"ME",0.930533333333333,0.9438,0.0467342843460059,0.8786,0.9692,0.0452999999999999,0.9112,0.9565
"537",2022,2,"MI",0.612223076923077,0.56,0.199322178317494,0.3112,1,0.2948,0.45415,0.74895
"538",2022,2,"MN",0.6243,0.6088,0.155468251237534,0.4203,0.9464,0.2152,0.5217,0.7369
"539",2022,2,"MO",0.68698,0.6834,0.199398890418177,0.3161,1,0.2967,0.5701,0.8668
"540",2022,2,"MS",0.6212,0.5691,0.226097788578305,0.4257,0.8688,0.22155,0.4974,0.71895
"541",2022,2,"MT",0.5659125,0.5896,0.0499629130312818,0.4704,0.6112,0.0658749999999999,0.53585,0.601725
"542",2022,2,"NC",0.744569387755102,0.7835,0.202227579313589,0.2797,1,0.3423,0.5986,0.9409
"543",2022,2,"ND",0.74335,0.74335,0.362957910783055,0.4867,1,0.25665,0.615025,0.871675
"544",2022,2,"NE",0.64803,0.59495,0.229291202767718,0.3374,1,0.291075,0.502825,0.7939
"545",2022,2,"NJ",0.99625,0.99625,0.00530330085889907,0.9925,1,0.00375000000000003,0.994375,0.998125
"546",2022,2,"NM",0.703630434782609,0.6841,0.220402036442462,0.3173,1,0.35715,0.54635,0.9035
"547",2022,2,"NV",0.686422222222222,0.6624,0.266374752403355,0.2462,1,0.5465,0.4414,0.9879
"548",2022,2,"NY",0.719278468899522,0.7187,0.231814011708886,0.2364,1,0.4543,0.5163,0.9706
"549",2022,2,"OH",0.69912,0.6862,0.219832005062076,0.2771,1,0.417725,0.499025,0.91675
"550",2022,2,"OK",0.52735,0.5601,0.105284455959399,0.3789,0.6103,0.1075,0.489975,0.597475
"551",2022,2,"OR",0.626816,0.6292,0.22476483206528,0.309,1,0.3483,0.4529,0.8012
"552",2022,2,"PA",0.775,0.812,0.20647505556708,0.4379,1,0.40635,0.57795,0.9843
"553",2022,2,"SC",0.751315217391304,0.7859,0.184492971220997,0.3201,1,0.300575,0.61535,0.915925
"554",2022,2,"TN",0.722866666666667,0.7238,0.199128966849619,0.3218,1,0.3181,0.5537,0.8718
"555",2022,2,"TX",0.812613745704467,0.8822,0.190346909660495,0.2906,1,0.29625,0.68565,0.9819
"556",2022,2,"UT",0.641471428571429,0.6411,0.061426940731401,0.5531,0.7136,0.09005,0.6006,0.69065
"557",2022,2,"VA",0.709066666666667,0.9934,0.345027451806374,0.2933,1,0.6306,0.3694,1
"558",2022,2,"VT",0.875114285714286,0.9853,0.194263373015188,0.4827,1,0.1592,0.83485,0.99405
"559",2022,2,"WA",0.713925,0.71635,0.199376798693185,0.4259,0.9842,0.2771,0.567475,0.844575
"560",2022,2,"WI",0.751086666666667,0.81,0.179273939890352,0.412,1,0.2715,0.60685,0.87835
"561",2022,3,"AL",0.715113636363636,0.7289,0.213264093589893,0.2975,0.9812,0.384,0.5502,0.9342
"562",2022,3,"AR",0.562661538461538,0.5565,0.167339517839539,0.285,0.9855,0.1343,0.4839,0.6182
"563",2022,3,"AZ",0.672128571428571,0.66945,0.2176252042476,0.3223,1,0.32725,0.4799,0.80715
"564",2022,3,"CA",0.650090157480315,0.62775,0.215487856699526,0.259,1,0.386175,0.45175,0.837925
"565",2022,3,"CO",0.689939393939394,0.6609,0.217219192204835,0.2769,1,0.3576,0.5115,0.8691
"566",2022,3,"CT",0.633075,0.6146,0.241693835254439,0.3148,1,0.381975,0.42385,0.805825
"567",2022,3,"DC",0.638866666666667,0.5394,0.191471181469519,0.5176,0.8596,0.171,0.5285,0.6995
"568",2022,3,"FL",0.65389375,0.6383,0.194332505189426,0.2803,1,0.311325,0.49665,0.807975
"569",2022,3,"GA",0.662852631578947,0.6433,0.182493303448917,0.3608,1,0.2897,0.50245,0.79215
"570",2022,3,"IA",0.648161111111111,0.6087,0.207975346782452,0.3482,1,0.196275,0.5602,0.756475
"571",2022,3,"ID",0.669535714285714,0.63875,0.208767303685017,0.4452,1,0.3834,0.475475,0.858875
"572",2022,3,"IL",0.757681428571429,0.75555,0.218326838546247,0.31,1,0.405525,0.573375,0.9789
"573",2022,3,"IN",0.695704761904762,0.6636,0.187579400458021,0.3736,1,0.351,0.524,0.875
"574",2022,3,"KY",0.739083333333333,0.79945,0.203902248564593,0.4171,1,0.318125,0.583075,0.9012
"575",2022,3,"LA",0.643576923076923,0.6171,0.126694482607085,0.3891,0.8812,0.1229,0.5786,0.7015
"576",2022,3,"MA",0.627171078431373,0.57515,0.210953565027581,0.2388,1,0.28825,0.4729,0.76115
"577",2022,3,"ME",0.963928571428571,0.9763,0.0279998639452477,0.9207,1,0.03395,0.94565,0.9796
"578",2022,3,"MI",0.612741025641026,0.5625,0.212075341277263,0.281,1,0.3344,0.4593,0.7937
"579",2022,3,"MN",0.625069230769231,0.5974,0.160309473543182,0.4303,0.9861,0.2168,0.5069,0.7237
"580",2022,3,"MO",0.685792,0.6434,0.188042685579631,0.3264,1,0.2879,0.5834,0.8713
"581",2022,3,"MS",0.586333333333333,0.5074,0.232955238905102,0.4031,0.8485,0.2227,0.45525,0.67795
"582",2022,3,"MT",0.600408695652174,0.5488,0.187195546550182,0.3088,1,0.16935,0.488,0.65735
"583",2022,3,"NC",0.723946153846154,0.72005,0.203288046832363,0.3263,1,0.3568,0.532425,0.889225
"584",2022,3,"ND",0.72535,0.72535,0.388413754905771,0.4507,1,0.27465,0.588025,0.862675
"585",2022,3,"NE",0.69028,0.6532,0.195212543995854,0.4591,1,0.220225,0.57115,0.791375
"586",2022,3,"NJ",0.995966666666667,0.999,0.0061403040098462,0.9889,1,0.00555000000000005,0.99395,0.9995
"587",2022,3,"NM",0.684707692307692,0.63635,0.207371679692434,0.3336,0.9989,0.370375,0.51035,0.880725
"588",2022,3,"NV",0.690448148148148,0.7447,0.27419184520552,0.2842,1,0.588,0.4021,0.9901
"589",2022,3,"NY",0.712716748768473,0.7,0.232226550820979,0.2525,1,0.4516,0.5169,0.9685
"590",2022,3,"OH",0.7104359375,0.6901,0.213352060431702,0.2825,1,0.3714,0.555,0.9264
"591",2022,3,"OK",0.51625,0.5518,0.117690597188844,0.3517,0.6097,0.12465,0.4717,0.59635
"592",2022,3,"OR",0.682545833333333,0.70335,0.232794949854021,0.288,1,0.41295,0.503175,0.916125
"593",2022,3,"PA",0.78886,0.7468,0.184356369954654,0.4991,1,0.3321,0.6593,0.9914
"594",2022,3,"SC",0.742778048780488,0.7538,0.190234511212076,0.3036,1,0.3173,0.6194,0.9367
"595",2022,3,"TN",0.699202777777778,0.69905,0.19490706867796,0.3481,1,0.28965,0.55295,0.8426
"596",2022,3,"TX",0.812363667820069,0.8761,0.193234652154951,0.2948,1,0.318,0.6649,0.9829
"597",2022,3,"UT",0.636357142857143,0.6386,0.074444405591082,0.5364,0.7424,0.10185,0.58335,0.6852
"598",2022,3,"VA",0.667671428571429,0.6501,0.318891132685584,0.2722,1,0.624975,0.36225,0.987225
"599",2022,3,"VT",0.851477777777778,0.9838,0.201704293321794,0.5152,1,0.3536,0.6414,0.995
"600",2022,3,"WA",0.759166666666667,0.7769,0.21349717517926,0.2727,1,0.2177,0.71225,0.92995
"601",2022,3,"WI",0.727535294117647,0.7493,0.183521238352597,0.2909,0.9314,0.2609,0.6152,0.8761
"602",2022,3,"WY",0.62885,0.64835,0.159402938074135,0.4545,0.7642,0.2509,0.51315,0.76405
"603",2022,4,"AL",0.712513043478261,0.7875,0.223500645320093,0.2994,0.985,0.3797,0.54505,0.92475
"604",2022,4,"AR",0.5875,0.5696,0.0966749487420899,0.4754,0.7653,0.119575,0.52355,0.643125
"605",2022,4,"AZ",0.682067741935484,0.6636,0.219074465858981,0.3017,1,0.32975,0.5119,0.84165
"606",2022,4,"CA",0.641000396825397,0.62135,0.225710976119634,0.2347,1,0.39295,0.444225,0.837175
"607",2022,4,"CO",0.6823,0.6557,0.220286464064409,0.2725,1,0.3897,0.4947,0.8844
"608",2022,4,"CT",0.61945,0.4754,0.274815838335421,0.2794,1,0.491125,0.395575,0.8867
"609",2022,4,"DC",0.753566666666667,0.8046,0.215236435886988,0.5174,0.9387,0.21065,0.661,0.87165
"610",2022,4,"FL",0.642193939393939,0.57655,0.22251350615413,0.2341,1,0.38225,0.4663,0.84855
"611",2022,4,"GA",0.651118421052632,0.61555,0.175923642611992,0.3931,1,0.269325,0.520775,0.7901
"612",2022,4,"IA",0.6319,0.59525,0.225837667363086,0.3273,1,0.345175,0.45095,0.796125
"613",2022,4,"ID",0.67605,0.67945,0.224707508876438,0.3629,1,0.3798,0.484775,0.864575
"614",2022,4,"IL",0.748112765957447,0.7545,0.214774394540299,0.2987,1,0.4196,0.5575,0.9771
"615",2022,4,"IN",0.679809523809524,0.6685,0.207724064337192,0.3426,1,0.3879,0.5117,0.8996
"616",2022,4,"KY",0.754191666666667,0.7759,0.216030845686163,0.3505,1,0.270475,0.649075,0.91955
"617",2022,4,"LA",0.658707142857143,0.65065,0.168865811379175,0.4243,1,0.22895,0.5251,0.75405
"618",2022,4,"MA",0.617932417582418,0.5697,0.208221534950945,0.2821,1,0.286775,0.45795,0.744725
"619",2022,4,"ME",0.960966666666667,0.9686,0.0275547334106743,0.9304,0.9839,0.0267500000000001,0.9495,0.97625
"620",2022,4,"MI",0.608131707317073,0.5447,0.223133044884688,0.2561,1,0.3521,0.448,0.8001
"621",2022,4,"MN",0.623866666666667,0.5606,0.193654145566879,0.4121,1,0.29015,0.47315,0.7633
"622",2022,4,"MO",0.692592,0.7159,0.187327756263365,0.328,1,0.277,0.5657,0.8427
"623",2022,4,"MS",0.602733333333333,0.5623,0.243580055286416,0.3819,0.864,0.24105,0.4721,0.71315
"624",2022,4,"MT",0.57746,0.5867,0.075560492322377,0.4531,0.6381,0.0651999999999999,0.5721,0.6373
"625",2022,4,"NC",0.723536170212766,0.7447,0.194739631554692,0.3138,1,0.33225,0.5621,0.89435
"626",2022,4,"ND",0.8051,0.8051,0.275630223306516,0.6102,1,0.1949,0.70765,0.90255
"627",2022,4,"NE",0.68136,0.5974,0.214043708931922,0.36,1,0.265675,0.553775,0.81945
"628",2022,4,"NJ",0.9985,0.9985,NA,0.9985,0.9985,0,0.9985,0.9985
"629",2022,4,"NM",0.706852173913043,0.7154,0.220412544746035,0.353,1,0.4552,0.46925,0.92445
"630",2022,4,"NV",0.690607407407407,0.7485,0.271795072584993,0.2756,1,0.54645,0.4401,0.98655
"631",2022,4,"NY",0.715911274509804,0.69375,0.24012792243582,0.2669,1,0.484275,0.4962,0.980475
"632",2022,4,"OH",0.70583064516129,0.70415,0.217093574361031,0.2844,1,0.4099,0.5194,0.9293
"633",2022,4,"OK",0.5087,0.54985,0.149116129241608,0.2958,0.6393,0.11835,0.4701,0.58845
"634",2022,4,"OR",0.643795454545455,0.5983,0.216401796659368,0.2981,1,0.31415,0.503275,0.817425
"635",2022,4,"PA",0.758686666666667,0.734,0.196645024152175,0.4085,1,0.3581,0.6277,0.9858
"636",2022,4,"SC",0.759878048780488,0.8367,0.205228484270818,0.2741,1,0.3295,0.6124,0.9419
"637",2022,4,"TN",0.689262162162162,0.683,0.204932881087323,0.3272,1,0.3317,0.5171,0.8488
"638",2022,4,"TX",0.81269348534202,0.8864,0.19507703009283,0.2566,1,0.31435,0.6699,0.98425
"639",2022,4,"UT",0.630085714285714,0.6608,0.0742265996475529,0.5082,0.7174,0.0932999999999999,0.5844,0.6777
"640",2022,4,"VA",0.629513333333333,0.6144,0.285079750412473,0.2602,1,0.5339,0.3852,0.9191
"641",2022,4,"VT",0.895057142857143,0.9737,0.14545655545148,0.6169,1,0.1507,0.84335,0.99405
"642",2022,4,"WA",0.7221125,0.74415,0.190833408556858,0.4297,0.9899,0.25665,0.5783,0.83495
"643",2022,4,"WI",0.72145,0.79705,0.196604396812874,0.4242,1,0.3132,0.56235,0.87555
"644",2023,1,"AL",0.781466666666667,0.78045,0.161749661332494,0.4826,1,0.278625,0.653325,0.93195
"645",2023,1,"AR",0.672675,0.65415,0.198134741611191,0.4915,0.8909,0.302875,0.511975,0.81485
"646",2023,1,"AZ",0.6542,0.60605,0.203592788928547,0.2879,1,0.24495,0.522225,0.767175
"647",2023,1,"CA",0.640120784313726,0.6069,0.22549666617508,0.2449,1,0.38275,0.448,0.83075
"648",2023,1,"CO",0.7046,0.69035,0.216685806465039,0.2797,1,0.3905,0.521725,0.912225
"649",2023,1,"CT",0.674546153846154,0.5046,0.276754827164721,0.3421,1,0.5251,0.4643,0.9894
"650",2023,1,"DC",0.717233333333333,0.6739,0.230377132835126,0.5116,0.9662,0.2273,0.59275,0.82005
"651",2023,1,"FL",0.637663768115942,0.59885,0.219973162577417,0.263,1,0.368425,0.4536,0.822025
"652",2023,1,"GA",0.654305405405405,0.614,0.17702656101078,0.3986,1,0.3139,0.4978,0.8117
"653",2023,1,"IA",0.66378125,0.61665,0.236212046598672,0.3287,1,0.353425,0.466575,0.82
"654",2023,1,"ID",0.660141666666667,0.6479,0.237169116716832,0.326,1,0.435375,0.445825,0.8812
"655",2023,1,"IL",0.74390078125,0.7493,0.216682657938639,0.2609,1,0.398875,0.5688,0.967675
"656",2023,1,"IN",0.658309523809524,0.6417,0.207179557159392,0.3976,1,0.3621,0.4647,0.8268
"657",2023,1,"KY",0.770358333333333,0.8381,0.212724471637217,0.3726,1,0.34525,0.5871,0.93235
"658",2023,1,"LA",0.683114285714286,0.67525,0.199294593917736,0.3856,1,0.275425,0.53475,0.810175
"659",2023,1,"MA",0.612054143646409,0.5636,0.206502979389218,0.2827,1,0.2975,0.4507,0.7482
"660",2023,1,"ME",0.9469,0.9455,0.033022265216063,0.9146,0.9806,0.0329999999999999,0.93005,0.96305
"661",2023,1,"MI",0.6262125,0.5713,0.211240417397589,0.2978,1,0.34115,0.464475,0.805625
"662",2023,1,"MN",0.67544,0.6522,0.158724261355525,0.4324,1,0.1777,0.56575,0.74345
"663",2023,1,"MO",0.689188,0.6913,0.199199760123684,0.3164,1,0.3386,0.5331,0.8717
"664",2023,1,"MS",0.702466666666667,0.6706,0.142890354234753,0.5782,0.8586,0.1402,0.6244,0.7646
"665",2023,1,"MT",0.66180625,0.6616,0.204123777706077,0.2938,1,0.2625,0.50705,0.76955
"666",2023,1,"NC",0.733758333333333,0.71045,0.179949816684604,0.4537,1,0.35235,0.5788,0.93115
"667",2023,1,"ND",0.7903,0.84985,0.260938038622199,0.4615,1,0.35985,0.64015,1
"668",2023,1,"NE",0.66934,0.61815,0.242125019130384,0.2963,1,0.3665,0.5033,0.8698
"669",2023,1,"NJ",0.99515,0.99515,0.00120208152801716,0.9943,0.996,0.000850000000000017,0.994725,0.995575
"670",2023,1,"NM",0.705586956521739,0.6935,0.217744369104415,0.39,1,0.3748,0.5212,0.896
"671",2023,1,"NV",0.697974074074074,0.7961,0.272493729769205,0.2801,1,0.50095,0.4851,0.98605
"672",2023,1,"NY",0.710777486910995,0.7165,0.245988424986493,0.2696,1,0.4781,0.5007,0.9788
"673",2023,1,"OH",0.698052459016393,0.68565,0.214903640991163,0.2683,1,0.385325,0.523775,0.9091
"674",2023,1,"OK",0.474325,0.4516,0.0554809501841248,0.4385,0.5556,0.0480250000000001,0.43895,0.486975
"675",2023,1,"OR",0.654190909090909,0.6151,0.218546235511566,0.2449,1,0.33345,0.54195,0.8754
"676",2023,1,"PA",0.742913333333333,0.7301,0.214216972339017,0.4019,1,0.4313,0.55405,0.98535
"677",2023,1,"SC",0.763831707317073,0.7959,0.197783294844413,0.3446,1,0.2833,0.657,0.9403
"678",2023,1,"TN",0.709205128205128,0.7049,0.205750935213988,0.3149,1,0.31665,0.55765,0.8743
"679",2023,1,"TX",0.814034246575343,0.89615,0.190105098961917,0.2759,1,0.31165,0.667825,0.979475
"680",2023,1,"UT",0.611,0.599,0.067712923434157,0.5177,0.7285,0.0529999999999999,0.58145,0.63445
"681",2023,1,"VA",0.6443625,0.636,0.324988083023275,0.2822,1,0.666175,0.31785,0.984025
"682",2023,1,"VT",0.901733333333333,0.9657,0.155606705082611,0.5944,0.9982,0.0829000000000001,0.907375,0.990275
"683",2023,1,"WA",0.724733333333333,0.6852,0.228185798564825,0.4299,0.9916,0.341425,0.584275,0.9257
"684",2023,1,"WI",0.717694117647059,0.8099,0.201438096789647,0.4113,1,0.3208,0.5449,0.8657
"685",2023,1,"WY",0.6389,0.60855,0.242912425920673,0.4242,0.9143,0.36725,0.4401,0.80735
"686",2023,2,"AL",0.735947826086957,0.7641,0.227035609681039,0.3021,1,0.38975,0.5587,0.94845
"687",2023,2,"AR",0.634333333333333,0.6216,0.131496087213198,0.4589,0.9123,0.15685,0.5412,0.69805
"688",2023,2,"AZ",0.640589285714286,0.60675,0.219325105112945,0.2975,1,0.305825,0.467775,0.7736
"689",2023,2,"CA",0.659214457831325,0.6261,0.230157089656522,0.2248,1,0.4246,0.4639,0.8885
"690",2023,2,"CO",0.686035135135135,0.6891,0.222685131739633,0.2936,1,0.4234,0.5057,0.9291
"691",2023,2,"CT",0.673107692307692,0.5661,0.272064920137144,0.3357,1,0.4861,0.4906,0.9767
"692",2023,2,"DC",0.669466666666667,0.5783,0.25241549741118,0.4753,0.9548,0.23975,0.5268,0.76655
"693",2023,2,"FL",0.665804918032787,0.65055,0.208757655316635,0.2636,1,0.339425,0.502775,0.8422
"694",2023,2,"GA",0.663071052631579,0.6344,0.188894472052083,0.3928,1,0.341975,0.5064,0.848375
"695",2023,2,"IA",0.66030625,0.63185,0.222419230190048,0.3455,1,0.348625,0.496525,0.84515
"696",2023,2,"ID",0.651164285714286,0.64745,0.241154089287783,0.3238,1,0.423125,0.423825,0.84695
"697",2023,2,"IL",0.748447619047619,0.7521,0.218418960343288,0.2988,1,0.4229,0.5538,0.9767
"698",2023,2,"IN",0.688938095238095,0.6559,0.214980083905906,0.3892,1,0.4342,0.4785,0.9127
"699",2023,2,"KY",0.803275,0.83135,0.156542077555699,0.5699,1,0.220425,0.693725,0.91415
"700",2023,2,"LA",0.675221428571429,0.6641,0.188060927846317,0.3471,1,0.300575,0.533625,0.8342
"701",2023,2,"MA",0.621884293193717,0.5773,0.212721062140808,0.2756,1,0.3071,0.46625,0.77335
"702",2023,2,"ME",0.962366666666667,0.9718,0.0301768675202271,0.9286,0.9867,0.02905,0.9502,0.97925
"703",2023,2,"MI",0.613648717948718,0.558,0.22291551842251,0.2736,1,0.34385,0.4614,0.80525
"704",2023,2,"MN",0.6429,0.5685,0.168228781298394,0.4578,1,0.1734,0.5325,0.7059
"705",2023,2,"MO",0.699868,0.6542,0.190890412977359,0.4009,1,0.3056,0.5589,0.8645
"706",2023,2,"MS",0.6585,0.5524,0.18872845572409,0.5467,0.8764,0.16485,0.54955,0.7144
"707",2023,2,"MT",0.5433,0.4941,0.11724736670817,0.4421,0.7026,0.1839,0.4469,0.6308
"708",2023,2,"NC",0.731484615384615,0.7387,0.189581728854696,0.366,1,0.352425,0.58065,0.933075
"709",2023,2,"ND",0.72735,0.72735,0.385585327781024,0.4547,1,0.27265,0.591025,0.863675
"710",2023,2,"NE",0.69743,0.61675,0.221115842188358,0.3468,1,0.31385,0.584675,0.898525
"711",2023,2,"NJ",0.9985,0.9985,0.00212132034355964,0.997,1,0.00149999999999995,0.99775,0.99925
"712",2023,2,"NM",0.735552173913044,0.7284,0.219036935178367,0.3724,1,0.40015,0.54555,0.9457
"713",2023,2,"NV",0.697110714285714,0.76335,0.269850543462262,0.2344,1,0.521925,0.46785,0.989775
"714",2023,2,"NY",0.701526424870466,0.6752,0.236230141970013,0.2516,1,0.4647,0.5,0.9647
"715",2023,2,"OH",0.7075864,0.7109,0.217358820455204,0.2699,1,0.4102,0.5211,0.9313
"716",2023,2,"OK",0.527525,0.56555,0.0945336051359515,0.3893,0.5897,0.0827250000000002,0.505175,0.5879
"717",2023,2,"OR",0.664336363636364,0.6049,0.233673407712263,0.3227,1,0.414325,0.511975,0.9263
"718",2023,2,"PA",0.764926666666667,0.759,0.208442844055859,0.4277,1,0.36485,0.62175,0.9866
"719",2023,2,"SC",0.740118181818182,0.7269,0.201729373485494,0.3228,1,0.36115,0.573125,0.934275
"720",2023,2,"TN",0.708727777777778,0.71355,0.186455375911635,0.3739,1,0.31865,0.5487,0.86735
"721",2023,2,"TX",0.814957534246575,0.889,0.192037799592293,0.2838,1,0.31955,0.662375,0.981925
"722",2023,2,"UT",0.616757142857143,0.6093,0.068338345925326,0.509,0.739,0.0266999999999999,0.60165,0.62835
"723",2023,2,"VA",0.646291666666667,0.5301,0.272564826178465,0.294,1,0.49395,0.4931,0.98705
"724",2023,2,"VT",0.888483333333333,0.9661,0.156641340860791,0.6078,0.997,0.157325,0.835575,0.9929
"725",2023,2,"WA",0.695711111111111,0.6945,0.305550476371926,0.1429,0.9885,0.4619,0.5123,0.9742
"726",2023,2,"WI",0.756757142857143,0.7863,0.169411046385301,0.4231,1,0.240075,0.639525,0.8796
"727",2023,3,"AL",0.800494444444444,0.80765,0.169236261836113,0.4733,1,0.242525,0.706,0.948525
"728",2023,3,"AR",0.647092307692308,0.6471,0.16639442329166,0.4576,1,0.1746,0.5224,0.697
"729",2023,3,"AZ",0.650448148148148,0.6701,0.218957074069098,0.2935,1,0.3023,0.47185,0.77415
"730",2023,3,"CA",0.672129249011858,0.6413,0.225738278216636,0.2356,1,0.4189,0.4884,0.9073
"731",2023,3,"CO",0.673065714285714,0.6517,0.219156150271172,0.3017,1,0.38455,0.498,0.88255
"732",2023,3,"CT",0.670453333333333,0.5735,0.270076954289134,0.3209,1,0.51865,0.46155,0.9802
"733",2023,3,"DC",0.688233333333333,0.625,0.226567569023754,0.5,0.9397,0.21985,0.5625,0.78235
"734",2023,3,"FL",0.684860714285714,0.6813,0.208795436488886,0.2563,1,0.35845,0.499525,0.857975
"735",2023,3,"GA",0.662594736842105,0.64495,0.185976112891266,0.4103,1,0.3342,0.496025,0.830225
"736",2023,3,"IA",0.658022222222222,0.63155,0.213309155799071,0.3502,1,0.28805,0.52065,0.8087
"737",2023,3,"ID",0.665178571428571,0.6781,0.23865480439191,0.3663,1,0.47795,0.411275,0.889225
"738",2023,3,"IL",0.770586754966887,0.813,0.206588615264087,0.3162,1,0.3965,0.5824,0.9789
"739",2023,3,"IN",0.699180952380952,0.6907,0.220523646394321,0.3843,1,0.4254,0.5103,0.9357
"740",2023,3,"KY",0.810166666666667,0.84285,0.157763449697977,0.5533,1,0.228225,0.696675,0.9249
"741",2023,3,"LA",0.662315384615385,0.6425,0.171324866098269,0.398,0.9344,0.2641,0.5383,0.8024
"742",2023,3,"MA",0.633339901477832,0.585,0.212600249233738,0.2958,1,0.33995,0.46335,0.8033
"743",2023,3,"ME",0.975785714285714,0.9784,0.0182410186641197,0.949,1,0.02405,0.96375,0.9878
"744",2023,3,"MI",0.620476923076923,0.573,0.221839342604339,0.2631,1,0.2862,0.4745,0.7607
"745",2023,3,"MN",0.634230769230769,0.6312,0.170308198004947,0.374,1,0.2265,0.5157,0.7422
"746",2023,3,"MO",0.714068,0.6677,0.176111481548857,0.4329,1,0.2528,0.6134,0.8662
"747",2023,3,"MS",0.703166666666667,0.688,0.154509298533562,0.5568,0.8647,0.15395,0.6224,0.77635
"748",2023,3,"MT",0.654370833333333,0.6849,0.184976220514414,0.3217,0.9807,0.32935,0.460325,0.789675
"749",2023,3,"NC",0.73007358490566,0.7275,0.180496065534515,0.3468,1,0.319,0.5948,0.9138
"750",2023,3,"ND",0.7818,0.7818,0.308581399309809,0.5636,1,0.2182,0.6727,0.8909
"751",2023,3,"NE",0.6840375,0.6831,0.226407104491634,0.2862,1,0.195575,0.592775,0.78835
"752",2023,3,"NJ",0.9987,0.9987,NA,0.9987,0.9987,0,0.9987,0.9987
"753",2023,3,"NM",0.724069230769231,0.72745,0.220872259497169,0.3413,1,0.432075,0.5022,0.934275
"754",2023,3,"NV",0.654432142857143,0.6342,0.239462701114114,0.2257,1,0.360875,0.487175,0.84805
"755",2023,3,"NY",0.724635204081633,0.74695,0.239998047076369,0.2577,1,0.46925,0.5144,0.98365
"756",2023,3,"OH",0.719630708661417,0.729,0.214968031773132,0.2854,1,0.3888,0.54265,0.93145
"757",2023,3,"OK",0.485075,0.51885,0.117637759669249,0.3177,0.5849,0.104375,0.449775,0.55415
"758",2023,3,"OR",0.667636,0.6238,0.233291989575296,0.2933,1,0.4361,0.4972,0.9333
"759",2023,3,"PA",0.78886,0.8041,0.190822646903947,0.4095,1,0.3401,0.6502,0.9903
"760",2023,3,"SC",0.757457446808511,0.7727,0.185389646942162,0.3671,1,0.3187,0.6155,0.9342
"761",2023,3,"TN",0.708011428571429,0.7153,0.186478588538184,0.2957,1,0.3029,0.5697,0.8726
"762",2023,3,"TX",0.814052447552448,0.90085,0.192766000981344,0.3254,1,0.32105,0.657725,0.978775
"763",2023,3,"UT",0.597785714285714,0.6081,0.0668484212870538,0.4814,0.6696,0.0843999999999999,0.56415,0.64855
"764",2023,3,"VA",0.689371428571429,0.6831,0.298855224606707,0.2942,1,0.55565,0.43275,0.9884
"765",2023,3,"VT",0.879655555555556,0.9783,0.172391908968425,0.56,1,0.1988,0.8012,1
"766",2023,3,"WA",0.7477,0.71275,0.200675060732519,0.4125,0.9811,0.314625,0.63845,0.953075
"767",2023,3,"WI",0.70559,0.72335,0.195333129483158,0.2929,0.9907,0.270975,0.588825,0.8598
"768",2023,3,"WY",0.7517,0.78345,0.138840940167757,0.5637,0.8762,0.1529,0.691125,0.844025
"769",2023,4,"AL",0.73064347826087,0.7933,0.22908701369108,0.3229,1,0.43955,0.5081,0.94765
"770",2023,4,"AR",0.687816666666667,0.7389,0.15382151305584,0.4156,0.9492,0.24105,0.539675,0.780725
"771",2023,4,"AZ",0.680303448275862,0.6774,0.219697736321582,0.2929,1,0.3144,0.5294,0.8438
"772",2023,4,"CA",0.679980459770115,0.6405,0.227543224045496,0.2618,1,0.427,0.4945,0.9215
"773",2023,4,"CO",0.692870588235294,0.6622,0.219096239445221,0.3447,0.9991,0.41585,0.502925,0.918775
"774",2023,4,"CT",0.634675,0.50235,0.28635323058535,0.2946,1,0.579125,0.3972,0.976325
"775",2023,4,"DC",0.703033333333333,0.6441,0.216696131329872,0.5219,0.9431,0.2106,0.583,0.7936
"776",2023,4,"FL",0.65636484375,0.60125,0.202121499512867,0.2711,1,0.346375,0.50075,0.847125
"777",2023,4,"GA",0.648105405405405,0.6294,0.178231349259492,0.3916,1,0.2945,0.513,0.8075
"778",2023,4,"IA",0.668216666666667,0.64255,0.219184244952264,0.3259,1,0.3072,0.520325,0.827525
"779",2023,4,"ID",0.678535714285714,0.70505,0.240895836433486,0.3377,1,0.491725,0.418125,0.90985
"780",2023,4,"IL",0.776079432624113,0.8202,0.202210334099963,0.3526,1,0.373,0.607,0.98
"781",2023,4,"IN",0.694933333333333,0.6812,0.213638780031467,0.3528,1,0.4082,0.5008,0.909
"782",2023,4,"KY",0.774607692307692,0.7816,0.18449694424542,0.513,1,0.2942,0.6359,0.9301
"783",2023,4,"LA",0.660615384615385,0.6339,0.181158636035538,0.392,0.916,0.3293,0.497,0.8263
"784",2023,4,"MA",0.635722459893048,0.5808,0.208897134299749,0.2484,1,0.3057,0.4736,0.7793
"785",2023,4,"ME",0.9723,0.9794,0.0149709719123376,0.9551,0.9824,0.0136500000000002,0.96725,0.9809
"786",2023,4,"MI",0.614117073170732,0.5396,0.216799924933611,0.2735,1,0.2775,0.4699,0.7474
"787",2023,4,"MN",0.627806666666667,0.6445,0.186657598929417,0.3947,0.9773,0.25715,0.47585,0.733
"788",2023,4,"MO",0.709466666666667,0.6828,0.168889088037004,0.4072,1,0.208925,0.612125,0.82105
"789",2023,4,"MS",0.6398,0.5942,0.223811550193461,0.4423,0.8829,0.2203,0.51825,0.73855
"790",2023,4,"MT",0.62872,0.6222,0.150380274637334,0.4286,0.8527,0.00990000000000002,0.6151,0.625
"791",2023,4,"NC",0.727123404255319,0.7333,0.188904325004883,0.3228,1,0.3056,0.5712,0.8768
"792",2023,4,"ND",0.74285,0.74285,0.363665017564241,0.4857,1,0.25715,0.614275,0.871425
"793",2023,4,"NE",0.68402,0.61725,0.219360270888884,0.3355,1,0.253625,0.597175,0.8508
"794",2023,4,"NJ",0.9992,0.9992,NA,0.9992,0.9992,0,0.9992,0.9992
"795",2023,4,"NM",0.748060869565217,0.7723,0.215607538532253,0.3459,0.9997,0.38455,0.5748,0.95935
"796",2023,4,"NV",0.693857692307692,0.7551,0.248908595549574,0.2782,1,0.369525,0.515325,0.88485
"797",2023,4,"NY",0.731254726368159,0.717,0.229780111824435,0.2879,1,0.4617,0.5258,0.9875
"798",2023,4,"OH",0.7125536,0.716,0.213099697076729,0.2671,1,0.4151,0.5218,0.9369
"799",2023,4,"OK",0.505175,0.53915,0.134127212625428,0.3312,0.6112,0.176875,0.433725,0.6106
"800",2023,4,"OR",0.667986363636364,0.5816,0.238664521064021,0.2589,1,0.433175,0.504725,0.9379
"801",2023,4,"PA",0.739130769230769,0.778,0.217942620065525,0.3651,1,0.4251,0.5679,0.993
"802",2023,4,"SC",0.747195555555556,0.7459,0.195585877389814,0.3304,1,0.3451,0.5975,0.9426
"803",2023,4,"TN",0.727086486486486,0.7419,0.196277059227458,0.3578,1,0.261,0.6332,0.8942
"804",2023,4,"TX",0.821215254237288,0.9047,0.191695711091486,0.2821,1,0.30265,0.6813,0.98395
"805",2023,4,"UT",0.576342857142857,0.5689,0.0743405420378154,0.4487,0.657,0.0895999999999999,0.54515,0.63475
"806",2023,4,"VA",0.665266666666667,0.5797,0.282158024788204,0.2789,1,0.56265,0.4324,0.99505
"807",2023,4,"VT",0.885766666666667,0.94735,0.129117816999308,0.7222,0.9984,0.2039,0.772125,0.976025
"808",2023,4,"WA",0.72855,0.686,0.217792017432097,0.4959,0.9858,0.428525,0.533,0.961525
"809",2023,4,"WI",0.704047058823529,0.6901,0.169011919393452,0.4426,1,0.2866,0.56,0.8466
